date,pollster,n,party,value
2025-01-03,GMS,1010,CDUCSU,0.33
2025-01-03,GMS,1010,AfD,0.18
2025-01-04,INSA,1201,CDUCSU,0.31
2025-01-04,INSA,1201,AfD,0.2
2025-01-06,INSA,2001,CDUCSU,0.31
2025-01-06,INSA,2001,AfD,0.215
2025-01-07,Forsa,1501,CDUCSU,0.32
2025-01-07,Forsa,1501,AfD,0.19
2025-01-08,YouGov,1908,CDUCSU,0.29
2025-01-08,YouGov,1908,AfD,0.21
2025-01-09,Infratest dimap,1323,CDUCSU,0.31
2025-01-09,Infratest dimap,1323,AfD,0.2
2025-01-10,Forschungsgruppe Wahlen,1433,CDUCSU,0.3
2025-01-10,Forschungsgruppe Wahlen,1433,AfD,0.21
2025-01-11,INSA,1205,CDUCSU,0.3
2025-01-11,INSA,1205,AfD,0.22
2025-01-13,INSA,2005,CDUCSU,0.31
2025-01-13,INSA,2005,AfD,0.22
2025-01-14,Forsa,2504,CDUCSU,0.31
2025-01-14,Forsa,2504,AfD,0.2
2025-01-15,YouGov,1771,CDUCSU,0.3
2025-01-15,YouGov,1771,AfD,0.21
2025-01-18,INSA,1206,CDUCSU,0.29
2025-01-18,INSA,1206,AfD,0.21
2025-01-20,INSA,2008,CDUCSU,0.29
2025-01-20,INSA,2008,AfD,0.215
2025-01-21,Forsa,2502,CDUCSU,0.31
2025-01-21,Forsa,2502,AfD,0.19
2025-01-22,YouGov,1858,CDUCSU,0.28
2025-01-22,YouGov,1858,AfD,0.19
2025-01-23,Allensbach,1015,CDUCSU,0.34
2025-01-23,Allensbach,1015,AfD,0.2
2025-01-24,Forschungsgruppe Wahlen,1345,CDUCSU,0.3
2025-01-24,Forschungsgruppe Wahlen,1345,AfD,0.21
2025-01-25,INSA,1203,CDUCSU,0.3
2025-01-25,INSA,1203,AfD,0.21
2025-01-27,INSA,2006,CDUCSU,0.3
2025-01-27,INSA,2006,AfD,0.22
2025-01-28,Forsa,2504,CDUCSU,0.3
2025-01-28,Forsa,2504,AfD,0.2
2025-01-29,YouGov,1781,CDUCSU,0.29
2025-01-29,YouGov,1781,AfD,0.23
2025-01-30,Forschungsgruppe Wahlen,1428,CDUCSU,0.29
2025-01-30,Forschungsgruppe Wahlen,1428,AfD,0.21
2025-01-30,Infratest dimap,1336,CDUCSU,0.3
2025-01-30,Infratest dimap,1336,AfD,0.2
2025-01-30,INSA,1001,CDUCSU,0.29
2025-01-30,INSA,1001,AfD,0.22
2025-01-31,Verian,1461,CDUCSU,0.3
2025-01-31,Verian,1461,AfD,0.2
2025-02-01,INSA,1203,CDUCSU,0.3
2025-02-01,INSA,1203,AfD,0.22
2025-02-03,INSA,2004,CDUCSU,0.3
2025-02-03,INSA,2004,AfD,0.22
2025-02-04,Forsa,2503,CDUCSU,0.28
2025-02-04,Forsa,2503,AfD,0.2
2025-02-05,YouGov,2181,CDUCSU,0.29
2025-02-05,YouGov,2181,AfD,0.22
2025-02-06,Infratest dimap,1302,CDUCSU,0.31
2025-02-06,Infratest dimap,1302,AfD,0.21
2025-02-07,Forschungsgruppe Wahlen,1341,CDUCSU,0.3
2025-02-07,Forschungsgruppe Wahlen,1341,AfD,0.2
2025-02-07,GMS,1011,CDUCSU,0.3
2025-02-07,GMS,1011,AfD,0.21
2025-02-08,INSA,1204,CDUCSU,0.29
2025-02-08,INSA,1204,AfD,0.21
2025-02-10,INSA,2006,CDUCSU,0.3
2025-02-10,INSA,2006,AfD,0.22
2025-02-11,Forsa,2502,CDUCSU,0.29
2025-02-11,Forsa,2502,AfD,0.2
2025-02-12,YouGov,2083,CDUCSU,0.29
2025-02-12,YouGov,2083,AfD,0.21
2025-02-13,Allensbach,1021,CDUCSU,0.32
2025-02-13,Allensbach,1021,AfD,0.2
2025-02-13,Infratest dimap,1579,CDUCSU,0.32
2025-02-13,Infratest dimap,1579,AfD,0.21
2025-02-14,Forschungsgruppe Wahlen,1348,CDUCSU,0.3
2025-02-14,Forschungsgruppe Wahlen,1348,AfD,0.2
2025-02-15,INSA,1205,CDUCSU,0.3
2025-02-15,INSA,1205,AfD,0.21
2025-02-16,Forsa,2005,CDUCSU,0.3
2025-02-16,Forsa,2005,AfD,0.2
2025-02-17,INSA,2010,CDUCSU,0.3
2025-02-17,INSA,2010,AfD,0.22
2025-02-17,YouGov,2131,CDUCSU,0.27
2025-02-17,YouGov,2131,AfD,0.2
2025-02-18,Forsa,2501,CDUCSU,0.3
2025-02-18,Forsa,2501,AfD,0.2
2025-02-19,GMS,1016,CDUCSU,0.31
2025-02-19,GMS,1016,AfD,0.2
2025-02-20,Forschungsgruppe Wahlen,1349,CDUCSU,0.28
2025-02-20,Forschungsgruppe Wahlen,1349,AfD,0.21
2025-02-20,INSA,2503,CDUCSU,0.3
2025-02-20,INSA,2503,AfD,0.21
2025-02-21,Allensbach,1064,CDUCSU,0.32
2025-02-21,Allensbach,1064,AfD,0.2
2025-02-21,Forsa,2002,CDUCSU,0.29
2025-02-21,Forsa,2002,AfD,0.21
2025-02-21,YouGov,1681,CDUCSU,0.29
2025-02-21,YouGov,1681,AfD,0.2
2025-02-22,INSA,2005,CDUCSU,0.295
2025-02-22,INSA,2005,AfD,0.21
2025-03-02,INSA,1001,CDUCSU,0.3
2025-03-02,INSA,1001,AfD,0.22
2025-03-04,Forsa,3001,CDUCSU,0.28
2025-03-04,Forsa,3001,AfD,0.22
2025-03-04,INSA,2002,CDUCSU,0.295
2025-03-04,INSA,2002,AfD,0.22
2025-03-06,Infratest dimap,1325,CDUCSU,0.29
2025-03-06,Infratest dimap,1325,AfD,0.21
2025-03-07,Forschungsgruppe Wahlen,1249,CDUCSU,0.28
2025-03-07,Forschungsgruppe Wahlen,1249,AfD,0.21
2025-03-09,INSA,1201,CDUCSU,0.28
2025-03-09,INSA,1201,AfD,0.21
2025-03-10,INSA,2003,CDUCSU,0.285
2025-03-10,INSA,2003,AfD,0.22
2025-03-11,Forsa,2504,CDUCSU,0.28
2025-03-11,Forsa,2504,AfD,0.22
2025-03-15,INSA,1201,CDUCSU,0.28
2025-03-15,INSA,1201,AfD,0.22
2025-03-17,INSA,2008,CDUCSU,0.29
2025-03-17,INSA,2008,AfD,0.22
2025-03-18,Forsa,2501,CDUCSU,0.27
2025-03-18,Forsa,2501,AfD,0.23
2025-03-21,Forschungsgruppe Wahlen,1305,CDUCSU,0.27
2025-03-21,Forschungsgruppe Wahlen,1305,AfD,0.22
2025-03-21,INSA,1202,CDUCSU,0.27
2025-03-21,INSA,1202,AfD,0.23
2025-03-24,INSA,2004,CDUCSU,0.27
2025-03-24,INSA,2004,AfD,0.235
2025-03-25,Forsa,2502,CDUCSU,0.26
2025-03-25,Forsa,2502,AfD,0.23
2025-03-26,YouGov,1890,CDUCSU,0.26
2025-03-26,YouGov,1890,AfD,0.24
2025-03-27,Allensbach,1031,CDUCSU,0.295
2025-03-27,Allensbach,1031,AfD,0.21
2025-03-28,Verian,1381,CDUCSU,0.27
2025-03-28,Verian,1381,AfD,0.22
2025-03-29,INSA,1204,CDUCSU,0.26
2025-03-29,INSA,1204,AfD,0.23
2025-03-31,INSA,2006,CDUCSU,0.265
2025-03-31,INSA,2006,AfD,0.235
2025-04-01,Forsa,2508,CDUCSU,0.25
2025-04-01,Forsa,2508,AfD,0.24
2025-04-03,Infratest dimap,1334,CDUCSU,0.26
2025-04-03,Infratest dimap,1334,AfD,0.24
2025-04-05,INSA,1206,CDUCSU,0.24
2025-04-05,INSA,1206,AfD,0.24
2025-04-07,GMS,1022,CDUCSU,0.26
2025-04-07,GMS,1022,AfD,0.25
2025-04-07,INSA,2008,CDUCSU,0.245
2025-04-07,INSA,2008,AfD,0.245
2025-04-08,Forsa,2501,CDUCSU,0.25
2025-04-08,Forsa,2501,AfD,0.24
2025-04-11,Forschungsgruppe Wahlen,1322,CDUCSU,0.26
2025-04-11,Forschungsgruppe Wahlen,1322,AfD,0.24
2025-04-12,INSA,1202,CDUCSU,0.25
2025-04-12,INSA,1202,AfD,0.24
2025-04-14,INSA,2002,CDUCSU,0.255
2025-04-14,INSA,2002,AfD,0.245
2025-04-15,Forsa,2502,CDUCSU,0.25
2025-04-15,Forsa,2502,AfD,0.24
2025-04-19,Allensbach,1048,CDUCSU,0.27
2025-04-19,Allensbach,1048,AfD,0.235
2025-04-19,INSA,1205,CDUCSU,0.25
2025-04-19,INSA,1205,AfD,0.24
2025-04-22,Forsa,1502,CDUCSU,0.25
2025-04-22,Forsa,1502,AfD,0.26
2025-04-22,INSA,2010,CDUCSU,0.25
2025-04-22,INSA,2010,AfD,0.25
2025-04-25,Verian,1469,CDUCSU,0.26
2025-04-25,Verian,1469,AfD,0.24
2025-04-25,INSA,1204,CDUCSU,0.25
2025-04-25,INSA,1204,AfD,0.25
2025-04-28,INSA,2006,CDUCSU,0.25
2025-04-28,INSA,2006,AfD,0.25
2025-04-29,Forsa,2004,CDUCSU,0.24
2025-04-29,Forsa,2004,AfD,0.26
2025-04-30,YouGov,1987,CDUCSU,0.26
2025-04-30,YouGov,1987,AfD,0.26
2025-05-02,Forschungsgruppe Wahlen,1297,CDUCSU,0.27
2025-05-02,Forschungsgruppe Wahlen,1297,AfD,0.23
2025-05-03,INSA,1204,CDUCSU,0.25
2025-05-03,INSA,1204,AfD,0.24
2025-05-05,Forsa,1503,CDUCSU,0.25
2025-05-05,Forsa,1503,AfD,0.25
2025-05-05,INSA,2003,CDUCSU,0.245
2025-05-05,INSA,2003,AfD,0.245
2025-05-07,Infratest dimap,1325,CDUCSU,0.27
2025-05-07,Infratest dimap,1325,AfD,0.23
2025-05-10,INSA,1203,CDUCSU,0.25
2025-05-10,INSA,1203,AfD,0.24
2025-05-12,INSA,2004,CDUCSU,0.25
2025-05-12,INSA,2004,AfD,0.245
2025-05-13,Forsa,3001,CDUCSU,0.25
2025-05-13,Forsa,3001,AfD,0.25
2025-05-14,YouGov,1927,CDUCSU,0.27
2025-05-14,YouGov,1927,AfD,0.25
2025-05-16,INSA,1205,CDUCSU,0.26
2025-05-16,INSA,1205,AfD,0.25
2025-05-19,GMS,1012,CDUCSU,0.26
2025-05-19,GMS,1012,AfD,0.23
2025-05-19,INSA,2008,CDUCSU,0.26
2025-05-19,INSA,2008,AfD,0.245
2025-05-20,Forsa,2504,CDUCSU,0.26
2025-05-20,Forsa,2504,AfD,0.24
2025-05-21,Verian,1468,CDUCSU,0.26
2025-05-21,Verian,1468,AfD,0.23
2025-05-23,Forschungsgruppe Wahlen,1328,CDUCSU,0.26
2025-05-23,Forschungsgruppe Wahlen,1328,AfD,0.23
2025-05-24,Allensbach,1032,CDUCSU,0.28
2025-05-24,Allensbach,1032,AfD,0.225
2025-05-24,INSA,1198,CDUCSU,0.27
2025-05-24,INSA,1198,AfD,0.24
2025-05-26,INSA,2006,CDUCSU,0.26
2025-05-26,INSA,2006,AfD,0.245
2025-05-27,Forsa,2501,CDUCSU,0.26
2025-05-27,Forsa,2501,AfD,0.24
2025-05-31,INSA,1203,CDUCSU,0.26
2025-05-31,INSA,1203,AfD,0.24
2025-06-02,INSA,2002,CDUCSU,0.265
2025-06-02,INSA,2002,AfD,0.245
2025-06-03,Forsa,2002,CDUCSU,0.27
2025-06-03,Forsa,2002,AfD,0.23
2025-06-04,Infratest dimap,1292,CDUCSU,0.29
2025-06-04,Infratest dimap,1292,AfD,0.23
2025-06-06,Forschungsgruppe Wahlen,1247,CDUCSU,0.27
2025-06-06,Forschungsgruppe Wahlen,1247,AfD,0.23
2025-06-07,INSA,1202,CDUCSU,0.27
2025-06-07,INSA,1202,AfD,0.23
2025-06-10,Forsa,2002,CDUCSU,0.27
2025-06-10,Forsa,2002,AfD,0.24
2025-06-10,INSA,2004,CDUCSU,0.275
2025-06-10,INSA,2004,AfD,0.225
2025-06-14,INSA,1203,CDUCSU,0.27
2025-06-14,INSA,1203,AfD,0.23
2025-06-16,INSA,2006,CDUCSU,0.27
2025-06-16,INSA,2006,AfD,0.23
2025-06-17,Forsa,2502,CDUCSU,0.28
2025-06-17,Forsa,2502,AfD,0.23
2025-06-18,YouGov,1912,CDUCSU,0.28
2025-06-18,YouGov,1912,AfD,0.23
2025-06-19,Verian,1462,CDUCSU,0.28
2025-06-19,Verian,1462,AfD,0.23
2025-06-20,Allensbach,1054,CDUCSU,0.29
2025-06-20,Allensbach,1054,AfD,0.23
2025-06-21,INSA,1205,CDUCSU,0.28
2025-06-21,INSA,1205,AfD,0.23
2025-06-23,Forsa,2003,CDUCSU,0.28
2025-06-23,Forsa,2003,AfD,0.24
2025-06-23,INSA,2002,CDUCSU,0.275
2025-06-23,INSA,2002,AfD,0.23
2025-06-27,Forschungsgruppe Wahlen,1378,CDUCSU,0.29
2025-06-27,Forschungsgruppe Wahlen,1378,AfD,0.22
2025-06-27,INSA,1202,CDUCSU,0.28
2025-06-27,INSA,1202,AfD,0.24
2025-07-01,Forsa,2501,CDUCSU,0.28
2025-07-01,Forsa,2501,AfD,0.24
2025-07-01,GMS,1007,CDUCSU,0.29
2025-07-01,GMS,1007,AfD,0.22
2025-07-01,INSA,2008,CDUCSU,0.28
2025-07-01,INSA,2008,AfD,0.235
2025-07-03,Infratest dimap,1312,CDUCSU,0.3
2025-07-03,Infratest dimap,1312,AfD,0.23
2025-07-05,INSA,1205,CDUCSU,0.28
2025-07-05,INSA,1205,AfD,0.24
2025-07-07,INSA,2007,CDUCSU,0.28
2025-07-07,INSA,2007,AfD,0.235
2025-07-08,Forsa,2503,CDUCSU,0.27
2025-07-08,Forsa,2503,AfD,0.24
2025-07-12,INSA,1202,CDUCSU,0.28
2025-07-12,INSA,1202,AfD,0.24
2025-07-14,INSA,2004,CDUCSU,0.275
2025-07-14,INSA,2004,AfD,0.235
2025-07-15,Forsa,2503,CDUCSU,0.26
2025-07-15,Forsa,2503,AfD,0.24
2025-07-16,YouGov,1820,CDUCSU,0.27
2025-07-16,YouGov,1820,AfD,0.25
2025-07-19,Allensbach,1054,CDUCSU,0.29
2025-07-19,Allensbach,1054,AfD,0.23
2025-07-19,INSA,1205,CDUCSU,0.27
2025-07-19,INSA,1205,AfD,0.24
2025-07-21,INSA,2005,CDUCSU,0.275
2025-07-21,INSA,2005,AfD,0.24
2025-07-22,Forsa,2502,CDUCSU,0.25
2025-07-22,Forsa,2502,AfD,0.25
2025-07-25,Forschungsgruppe Wahlen,1367,CDUCSU,0.27
2025-07-25,Forschungsgruppe Wahlen,1367,AfD,0.24
2025-07-26,INSA,1203,CDUCSU,0.27
2025-07-26,INSA,1203,AfD,0.24
2025-07-28,INSA,2006,CDUCSU,0.275
2025-07-28,INSA,2006,AfD,0.24
2025-07-29,Forsa,2502,CDUCSU,0.26
2025-07-29,Forsa,2502,AfD,0.25
2025-08-01,Verian,1473,CDUCSU,0.27
2025-08-01,Verian,1473,AfD,0.24
2025-08-02,INSA,1203,CDUCSU,0.27
2025-08-02,INSA,1203,AfD,0.25
2025-08-04,INSA,2004,CDUCSU,0.275
2025-08-04,INSA,2004,AfD,0.25
2025-08-05,Forsa,2503,CDUCSU,0.25
2025-08-05,Forsa,2503,AfD,0.25
2025-08-07,Infratest dimap,1321,CDUCSU,0.27
2025-08-07,Infratest dimap,1321,AfD,0.24
2025-08-09,INSA,1204,CDUCSU,0.27
2025-08-09,INSA,1204,AfD,0.25
2025-08-11,INSA,2008,CDUCSU,0.27
2025-08-11,INSA,2008,AfD,0.25
2025-08-12,Forsa,2505,CDUCSU,0.24
2025-08-12,Forsa,2505,AfD,0.26
2025-08-14,Forschungsgruppe Wahlen,1370,CDUCSU,0.27
2025-08-14,Forschungsgruppe Wahlen,1370,AfD,0.23
2025-08-15,Verian,1464,CDUCSU,0.26
2025-08-15,Verian,1464,AfD,0.25
2025-08-15,INSA,1206,CDUCSU,0.26
2025-08-15,INSA,1206,AfD,0.25
2025-08-19,Forsa,2502,CDUCSU,0.25
2025-08-19,Forsa,2502,AfD,0.26
2025-08-19,INSA,2010,CDUCSU,0.26
2025-08-19,INSA,2010,AfD,0.25
2025-08-20,YouGov,1831,CDUCSU,0.27
2025-08-20,YouGov,1831,AfD,0.25
2025-08-21,Allensbach,1051,CDUCSU,0.28
2025-08-21,Allensbach,1051,AfD,0.225
2025-08-23,INSA,1201,CDUCSU,0.25
2025-08-23,INSA,1201,AfD,0.25
2025-08-25,INSA,2002,CDUCSU,0.25
2025-08-25,INSA,2002,AfD,0.25
2025-08-26,Forsa,2501,CDUCSU,0.25
2025-08-26,Forsa,2501,AfD,0.26
2025-08-29,INSA,1202,CDUCSU,0.26
2025-08-29,INSA,1202,AfD,0.25
2025-09-01,INSA,2004,CDUCSU,0.255
2025-09-01,INSA,2004,AfD,0.25
2025-09-02,Forsa,2502,CDUCSU,0.25
2025-09-02,Forsa,2502,AfD,0.26
2025-09-03,Infratest dimap,1342,CDUCSU,0.27
2025-09-03,Infratest dimap,1342,AfD,0.25
2025-09-05,Forschungsgruppe Wahlen,1269,CDUCSU,0.27
2025-09-05,Forschungsgruppe Wahlen,1269,AfD,0.25
2025-09-07,INSA,1287,CDUCSU,0.26
2025-09-07,INSA,1287,AfD,0.25
2025-09-08,INSA,2006,CDUCSU,0.255
2025-09-08,INSA,2006,AfD,0.255
2025-09-09,Forsa,2500,CDUCSU,0.25
2025-09-09,Forsa,2500,AfD,0.26
2025-09-10,Verian,1460,CDUCSU,0.26
2025-09-10,Verian,1460,AfD,0.25
2025-09-13,INSA,1204,CDUCSU,0.25
2025-09-13,INSA,1204,AfD,0.25
2025-09-16,Forsa,2502,CDUCSU,0.25
2025-09-16,Forsa,2502,AfD,0.25
2025-09-16,INSA,2004,CDUCSU,0.255
2025-09-16,INSA,2004,AfD,0.255
2025-09-17,YouGov,1649,CDUCSU,0.26
2025-09-17,YouGov,1649,AfD,0.27
2025-09-19,Forschungsgruppe Wahlen,1419,CDUCSU,0.26
2025-09-19,Forschungsgruppe Wahlen,1419,AfD,0.26
2025-09-20,INSA,1200,CDUCSU,0.25
2025-09-20,INSA,1200,AfD,0.26
2025-09-23,Forsa,2504,CDUCSU,0.25
2025-09-23,Forsa,2504,AfD,0.27
2025-09-23,INSA,2002,CDUCSU,0.245
2025-09-23,INSA,2002,AfD,0.26
2025-09-24,Allensbach,1013,CDUCSU,0.27
2025-09-24,Allensbach,1013,AfD,0.24
2025-09-26,INSA,1200,CDUCSU,0.25
2025-09-26,INSA,1200,AfD,0.26
2025-09-29,INSA,2006,CDUCSU,0.25
2025-09-29,INSA,2006,AfD,0.26
2025-09-30,Forsa,2504,CDUCSU,0.24
2025-09-30,Forsa,2504,AfD,0.27
2025-09-30,GMS,1012,CDUCSU,0.26
2025-09-30,GMS,1012,AfD,0.25
2025-10-02,Forschungsgruppe Wahlen,1300,CDUCSU,0.27
2025-10-02,Forschungsgruppe Wahlen,1300,AfD,0.25
2025-10-02,Infratest dimap,1306,CDUCSU,0.26
2025-10-02,Infratest dimap,1306,AfD,0.26
2025-10-04,INSA,1186,CDUCSU,0.24
2025-10-04,INSA,1186,AfD,0.26
2025-10-06,INSA,2010,CDUCSU,0.245
2025-10-06,INSA,2010,AfD,0.265
2025-10-07,Forsa,2001,CDUCSU,0.24
2025-10-07,Forsa,2001,AfD,0.26
2025-10-10,Verian,1478,CDUCSU,0.25
2025-10-10,Verian,1478,AfD,0.25
2025-10-11,INSA,1224,CDUCSU,0.24
2025-10-11,INSA,1224,AfD,0.26
2025-10-14,Forsa,2500,CDUCSU,0.24
2025-10-14,Forsa,2500,AfD,0.26
2025-10-14,INSA,2008,CDUCSU,0.25
2025-10-14,INSA,2008,AfD,0.265
2025-10-15,YouGov,1880,CDUCSU,0.27
2025-10-15,YouGov,1880,AfD,0.26
2025-10-17,Allensbach,1044,CDUCSU,0.26
2025-10-17,Allensbach,1044,AfD,0.25
2025-10-18,INSA,1200,CDUCSU,0.25
2025-10-18,INSA,1200,AfD,0.27
2025-10-20,INSA,2006,CDUCSU,0.245
2025-10-20,INSA,2006,AfD,0.27
2025-10-21,Forsa,2505,CDUCSU,0.24
2025-10-21,Forsa,2505,AfD,0.26
2025-10-24,Forschungsgruppe Wahlen,1272,CDUCSU,0.27
2025-10-24,Forschungsgruppe Wahlen,1272,AfD,0.25
2025-10-24,INSA,1205,CDUCSU,0.24
2025-10-24,INSA,1205,AfD,0.26
2025-10-27,INSA,2004,CDUCSU,0.245
2025-10-27,INSA,2004,AfD,0.26
2025-10-28,Forsa,2502,CDUCSU,0.25
2025-10-28,Forsa,2502,AfD,0.26
2025-11-01,INSA,1202,CDUCSU,0.25
2025-11-01,INSA,1202,AfD,0.26
2025-11-03,INSA,2002,CDUCSU,0.255
2025-11-03,INSA,2002,AfD,0.255
2025-11-04,Forsa,2500,CDUCSU,0.24
2025-11-04,Forsa,2500,AfD,0.26
2025-11-06,Infratest dimap,1300,CDUCSU,0.27
2025-11-06,Infratest dimap,1300,AfD,0.26
2025-11-07,Verian,1471,CDUCSU,0.26
2025-11-07,Verian,1471,AfD,0.25
2025-11-07,Forschungsgruppe Wahlen,1322,CDUCSU,0.26
2025-11-07,Forschungsgruppe Wahlen,1322,AfD,0.26
2025-11-08,INSA,1205,CDUCSU,0.25
2025-11-08,INSA,1205,AfD,0.26
2025-11-11,Forsa,2503,CDUCSU,0.24
2025-11-11,Forsa,2503,AfD,0.26
2025-11-11,INSA,2010,CDUCSU,0.25
2025-11-11,INSA,2010,AfD,0.26
2025-11-14,Allensbach,1011,CDUCSU,0.27
2025-11-14,Allensbach,1011,AfD,0.24
2025-11-15,INSA,1203,CDUCSU,0.25
2025-11-15,INSA,1203,AfD,0.26
2025-11-17,GMS,1020,CDUCSU,0.25
2025-11-17,GMS,1020,AfD,0.26
2025-11-17,INSA,2006,CDUCSU,0.245
2025-11-17,INSA,2006,AfD,0.26
2025-11-18,Forsa,2502,CDUCSU,0.25
2025-11-18,Forsa,2502,AfD,0.26
2025-11-19,YouGov,2005,CDUCSU,0.27
2025-11-19,YouGov,2005,AfD,0.25
2025-11-21,Forschungsgruppe Wahlen,1207,CDUCSU,0.27
2025-11-21,Forschungsgruppe Wahlen,1207,AfD,0.27
2025-11-22,INSA,1208,CDUCSU,0.25
2025-11-22,INSA,1208,AfD,0.26
2025-11-24,INSA,2008,CDUCSU,0.255
2025-11-24,INSA,2008,AfD,0.26
2025-11-25,Forsa,2501,CDUCSU,0.25
2025-11-25,Forsa,2501,AfD,0.26
2025-11-28,INSA,1198,CDUCSU,0.25
2025-11-28,INSA,1198,AfD,0.27
2025-12-02,Forsa,2501,CDUCSU,0.25
2025-12-02,Forsa,2501,AfD,0.26
2025-12-02,INSA,2002,CDUCSU,0.245
2025-12-02,INSA,2002,AfD,0.27
2025-12-04,Infratest dimap,1306,CDUCSU,0.27
2025-12-04,Infratest dimap,1306,AfD,0.25
2025-12-06,INSA,1206,CDUCSU,0.25
2025-12-06,INSA,1206,AfD,0.26
2025-12-09,Forsa,2503,CDUCSU,0.24
2025-12-09,Forsa,2503,AfD,0.26
2025-12-09,INSA,2007,CDUCSU,0.245
2025-12-09,INSA,2007,AfD,0.265
2025-12-10,Verian,1443,CDUCSU,0.25
2025-12-10,Verian,1443,AfD,0.25
2025-12-11,Allensbach,1029,CDUCSU,0.27
2025-12-11,Allensbach,1029,AfD,0.25
2025-12-12,Forschungsgruppe Wahlen,1295,CDUCSU,0.26
2025-12-12,Forschungsgruppe Wahlen,1295,AfD,0.25
2025-12-13,INSA,1201,CDUCSU,0.24
2025-12-13,INSA,1201,AfD,0.26
2025-12-16,Forsa,2503,CDUCSU,0.24
2025-12-16,Forsa,2503,AfD,0.26
2025-12-16,INSA,2006,CDUCSU,0.25
2025-12-16,INSA,2006,AfD,0.26
2025-12-17,YouGov,1743,CDUCSU,0.26
2025-12-17,YouGov,1743,AfD,0.26
2025-12-21,INSA,1201,CDUCSU,0.24
2025-12-21,INSA,1201,AfD,0.26
2025-12-23,Forsa,2003,CDUCSU,0.24
2025-12-23,Forsa,2003,AfD,0.26
2025-12-23,INSA,2002,CDUCSU,0.245
2025-12-23,INSA,2002,AfD,0.26
2026-01-03,INSA,1004,CDUCSU,0.25
2026-01-03,INSA,1004,AfD,0.26
2026-01-05,GMS,1027,CDUCSU,0.24
2026-01-05,GMS,1027,AfD,0.27
2026-01-06,INSA,2008,CDUCSU,0.25
2026-01-06,INSA,2008,AfD,0.255
2026-01-08,Infratest dimap,1323,CDUCSU,0.28
2026-01-08,Infratest dimap,1323,AfD,0.25
2026-01-10,INSA,1205,CDUCSU,0.24
2026-01-10,INSA,1205,AfD,0.26
2026-01-12,INSA,2010,CDUCSU,0.245
2026-01-12,INSA,2010,AfD,0.26
2026-01-13,Forsa,3004,CDUCSU,0.24
2026-01-13,Forsa,3004,AfD,0.26
2026-01-14,YouGov,1673,CDUCSU,0.25
2026-01-14,YouGov,1673,AfD,0.25
2026-01-16,Verian,1455,CDUCSU,0.26
2026-01-16,Verian,1455,AfD,0.25
2026-01-16,Forschungsgruppe Wahlen,1245,CDUCSU,0.26
2026-01-16,Forschungsgruppe Wahlen,1245,AfD,0.25
2026-01-17,INSA,1202,CDUCSU,0.25
2026-01-17,INSA,1202,AfD,0.26
2026-01-20,Forsa,2501,CDUCSU,0.25
2026-01-20,Forsa,2501,AfD,0.26
2026-01-20,INSA,2004,CDUCSU,0.25
2026-01-20,INSA,2004,AfD,0.26
2026-01-24,INSA,1204,CDUCSU,0.25
2026-01-24,INSA,1204,AfD,0.26
2026-01-27,Forsa,2501,CDUCSU,0.26
2026-01-27,Forsa,2501,AfD,0.24
2026-01-27,INSA,2008,CDUCSU,0.25
2026-01-27,INSA,2008,AfD,0.26
2026-01-31,Allensbach,1077,CDUCSU,0.27
2026-01-31,Allensbach,1077,AfD,0.25
2026-01-31,INSA,1204,CDUCSU,0.26
2026-01-31,INSA,1204,AfD,0.26
2026-02-03,Forsa,2503,CDUCSU,0.26
2026-02-03,Forsa,2503,AfD,0.24
2026-02-03,INSA,2006,CDUCSU,0.26
2026-02-03,INSA,2006,AfD,0.26
2026-02-05,Infratest dimap,1319,CDUCSU,0.26
2026-02-05,Infratest dimap,1319,AfD,0.24
2026-02-06,Forschungsgruppe Wahlen,1289,CDUCSU,0.26
2026-02-06,Forschungsgruppe Wahlen,1289,AfD,0.24
2026-02-07,INSA,1202,CDUCSU,0.25
2026-02-07,INSA,1202,AfD,0.26
2026-02-10,Forsa,2503,CDUCSU,0.26
2026-02-10,Forsa,2503,AfD,0.24
2026-02-10,INSA,2004,CDUCSU,0.255
2026-02-10,INSA,2004,AfD,0.26
2026-02-11,Verian,1472,CDUCSU,0.25
2026-02-11,Verian,1472,AfD,0.24
2026-02-11,YouGov,1657,CDUCSU,0.25
2026-02-11,YouGov,1657,AfD,0.25
2026-02-13,INSA,1202,CDUCSU,0.25
2026-02-13,INSA,1202,AfD,0.25
2026-02-16,INSA,2002,CDUCSU,0.255
2026-02-16,INSA,2002,AfD,0.255
2026-02-17,Forsa,2504,CDUCSU,0.26
2026-02-17,Forsa,2504,AfD,0.25
2026-02-22,INSA,1203,CDUCSU,0.25
2026-02-22,INSA,1203,AfD,0.25
2026-02-24,Forsa,2504,CDUCSU,0.26
2026-02-24,Forsa,2504,AfD,0.24
2026-02-24,INSA,2006,CDUCSU,0.25
2026-02-24,INSA,2006,AfD,0.25
2026-02-27,Forschungsgruppe Wahlen,1262,CDUCSU,0.26
2026-02-27,Forschungsgruppe Wahlen,1262,AfD,0.24
2026-02-28,INSA,1203,CDUCSU,0.26
2026-02-28,INSA,1203,AfD,0.25
2026-03-02,Allensbach,1052,CDUCSU,0.27
2026-03-02,Allensbach,1052,AfD,0.24
2026-03-03,Forsa,2503,CDUCSU,0.26
2026-03-03,Forsa,2503,AfD,0.24
2026-03-03,GMS,1016,CDUCSU,0.26
2026-03-03,GMS,1016,AfD,0.24
2026-03-03,INSA,2002,CDUCSU,0.255
2026-03-03,INSA,2002,AfD,0.25
2026-03-05,Infratest dimap,1317,CDUCSU,0.28
2026-03-05,Infratest dimap,1317,AfD,0.23
2026-03-07,INSA,1200,CDUCSU,0.26
2026-03-07,INSA,1200,AfD,0.25
2026-03-10,Forsa,2502,CDUCSU,0.26
2026-03-10,Forsa,2502,AfD,0.24
2026-03-10,INSA,2003,CDUCSU,0.26
2026-03-10,INSA,2003,AfD,0.245
2026-03-12,Verian,1471,CDUCSU,0.26
2026-03-12,Verian,1471,AfD,0.23
2026-03-14,INSA,1201,CDUCSU,0.25
2026-03-14,INSA,1201,AfD,0.25
2026-03-17,Forsa,2503,CDUCSU,0.27
2026-03-17,Forsa,2503,AfD,0.23
2026-03-17,INSA,2002,CDUCSU,0.255
2026-03-17,INSA,2002,AfD,0.26
2026-03-17,YouGov,1851,CDUCSU,0.26
2026-03-17,YouGov,1851,AfD,0.26
2026-03-21,Allensbach,1045,CDUCSU,0.28
2026-03-21,Allensbach,1045,AfD,0.23
2026-03-21,INSA,1205,CDUCSU,0.26
2026-03-21,INSA,1205,AfD,0.25
2026-03-24,Forsa,2501,CDUCSU,0.26
2026-03-24,Forsa,2501,AfD,0.25
2026-03-24,INSA,2010,CDUCSU,0.26
2026-03-24,INSA,2010,AfD,0.26
2026-03-27,Forschungsgruppe Wahlen,1206,CDUCSU,0.26
2026-03-27,Forschungsgruppe Wahlen,1206,AfD,0.26
2026-03-28,INSA,1205,CDUCSU,0.26
2026-03-28,INSA,1205,AfD,0.26
2026-03-31,Forsa,2504,CDUCSU,0.26
2026-03-31,Forsa,2504,AfD,0.25
2026-03-31,INSA,2006,CDUCSU,0.26
2026-03-31,INSA,2006,AfD,0.26
