long,lat,elevation,distance
6.770006,45.61928,901.2,0
6.76953,45.618747,903.4,0.06995695384853445
6.769705,45.61839,905.6,0.11196894979727694
6.769461,45.617683,906.6,0.19293234695788697
6.769217,45.617012,910,0.2700059272140173
6.768743,45.616381,913.4,0.34935423166311397
6.767944,45.616106,918.8,0.4186911491903388
6.767149,45.616061,924.6,0.4807952602862656
6.766606,45.615567,929.2,0.5501618384893567
6.766382,45.614855,931.2,0.6313177387038739
6.766152,45.614077,934.8,0.719756623337387
6.765825,45.613194,937,0.8212961330204305
6.765488,45.612268,939.2,0.9276657403160609
6.765009,45.611358,941.2,1.0356152691356428
6.763899,45.610545,942.4,1.1607634296578389
6.76233,45.60978,942.4,1.3096942372689842
6.760644,45.609231,939.2,1.4545149518832063
6.75921,45.608372,935.8,1.6015330085202117
6.758472,45.607171,933.6,1.7470572648790246
6.757443,45.606095,931.6,1.8911713676442548
6.756571,45.605,929.4,2.0307067527931535
6.755775,45.603766,927.2,2.1814154528069567
6.754387,45.602823,924,2.332097681734206
6.753383,45.601614,922,2.48774983206042
6.752623,45.600462,920.8,2.6289916478446433
6.75168,45.599287,920.8,2.7790022487499915
6.751314,45.597908,919.8,2.935136301262026
6.750558,45.596577,918.8,3.094574876372025
6.749867,45.595314,917.8,3.245121615518687
6.749071,45.594025,916.8,3.4014354761021153
6.748315,45.592746,915.8,3.5555110735374127
6.747567,45.591522,914.8,3.7037017819898606
6.746969,45.590317,914.8,3.8457002156462896
6.746695,45.588993,913.6,3.9946247857535844
6.746363,45.587726,911.6,4.138018342868451
6.745436,45.586659,911.6,4.277027254152677
6.744138,45.585698,911.6,4.424233860869149
6.742718,45.584754,910.6,4.576816367843851
6.741424,45.583877,911.6,4.717152762058206
6.739829,45.583134,912.8,4.866426957149206
6.738318,45.581985,910.2,5.040261860100512
6.736858,45.580485,902.2,5.242305280536432
6.735231,45.579029,894.4,5.4480722727918796
6.733183,45.577777,886.8,5.659939826199158
6.731169,45.576754,880.2,5.8538327792810065
6.729057,45.575634,872.8,6.060294204427184
6.727007,45.574544,866.2,6.260890923418933
6.725101,45.573523,861.8,6.447909817141645
6.723095,45.573109,859.8,6.610876045279373
6.721395,45.572242,858.6,6.774776943712495
6.719613,45.57136,857.6,6.94484445472405
6.717925,45.570612,857.6,7.100523976477791
6.716464,45.56954,855.2,7.265457544609446
6.714695,45.568534,849,7.4430684489948975
6.712863,45.56818,849,7.591175149083663
6.711139,45.567966,850.2,7.727622948979742
6.709406,45.567887,855,7.862962834890479
6.706961,45.568061,856.2,8.054485167767035
6.703841,45.568066,852.6,8.297628924639485
6.700704,45.567212,842.2,8.559932529471222
6.697626,45.566932,838.6,8.801823418311097
6.694998,45.566123,838.6,9.025555897383526
6.692186,45.565486,838.6,9.255892033562649
6.689165,45.564854,835.6,9.501618971520163
6.685577,45.56444,824,9.78502287549292
6.682636,45.564957,823,10.02134518917522
6.680126,45.564667,828,10.219607943502423
6.677289,45.563761,827.2,10.462628060369738
6.673902,45.562126,812.6,10.783266923833644
6.670355,45.560935,801.2,11.089866559685813
6.666349,45.559623,785.2,11.434569710605617
6.662949,45.557844,771,11.76539876485437
6.659614,45.556817,763.4,12.04937606520725
6.656278,45.557196,762.2,12.312803830312415
6.653463,45.557128,762.2,12.532351259477757
6.651527,45.55601,763.2,12.727955964012622
6.648477,45.555564,758.8,12.970824748492328
6.645153,45.555217,752.2,13.232787720541356
6.642594,45.554912,747,13.43512692563353
6.640261,45.554059,748.2,13.640280704542775
6.637986,45.553292,752.8,13.837101943451046
6.635606,45.552286,755,14.053806121888664
6.633328,45.551525,759.6,14.250554621116619
6.630574,45.551609,761.6,14.465441752289529
6.628245,45.551085,763.8,14.656136401267334
6.62626,45.550348,766,14.831280246112625
6.623343,45.549684,762.6,15.070388284749463
6.620804,45.550279,761.6,15.279105924504055
6.618403,45.549747000000004,759.4,15.475422777224066
6.616058,45.548143,755.8,15.730964569874413
6.615757,45.54576,751,15.997274778099635
6.614926,45.543474,746.4,16.25986877071199
6.612598,45.542434,742.8,16.47515149309529
6.609643,45.542526,739.2,16.70576846038155
6.607042,45.541432,738.2,16.94231769313128
6.604683,45.540538,736.2,17.151442435973923
6.60359,45.538476,727,17.396292689907874
6.602841,45.535897,709.2,17.689265669197482
6.600862,45.533396,690.4,18.00758254085889
6.598845,45.531479,683.4,18.272682608644306
6.596506,45.530163,679.8,18.50662929564669
6.594173,45.529319,679.8,18.711392411183876
6.591973,45.528927,683.6,18.888420834613605
6.590059,45.528809,689.8,19.038260714413916
6.588397,45.528792,697.2,19.167885502370336
6.586793,45.528738,703.6,19.29311778356271
6.585196,45.528509,708,19.420242312275256
6.584095,45.527808,709.2,19.5362673411836
6.582994,45.527107,710.2,19.652293161964955
6.581893,45.526406,706.8,19.76831977461438
6.580791,45.525705,702.4,19.884404906233453
6.57969,45.525004,699,20.000433102603708
6.578589,45.524303,694.4,20.116462090826886
6.569934,45.518642,690.2,21.039942266352412
6.568601,45.51642,684.8,21.308258713668987
6.567322,45.514238,679,21.57084844414791
6.5658,45.512029,675.8,21.843914451233253
6.565262,45.509351,662.4,22.144967847347058
6.56394,45.506758,647.6,22.451490764129048
6.563367,45.504712,641,22.683596108922053
6.562413,45.502128,631.6,22.980719441754676
6.560057,45.499929,615.6,23.286846675717406
6.55724,45.497959,598.8,23.597337151609057
6.55468,45.495999,584.6,23.893153014776416
6.552697,45.494254,577.6,24.141502531809806
6.551229,45.492632,573.4,24.35533557950877
6.550393,45.491289,573.4,24.518451735089545
6.549462,45.490245,576.8,24.65551006345906
6.54821,45.489163,577.8,24.81060329596586
6.546455,45.487809,574,25.014262310052086
6.544854,45.486162,571.6,25.23613254515342
6.54296,45.484914,569.4,25.438988436782264
6.540026,45.484703,566.2,25.669176656184966
6.537878,45.483618,565.2,25.87579925972289
6.53567,45.483545,561.8,26.048319881098724
6.533493,45.484735,558.6,26.263766090385445
6.531054,45.485633,556.2,26.47877105722996
6.528868,45.486769,555.2,26.691133102620217
6.526712,45.487263,554,26.86815191672274
6.524657,45.488027,554,27.049683529816328
6.522613,45.48769,561.4,27.21355265252829
6.521151,45.488031,570,27.33379852326116
6.519919,45.488596,577.4,27.448689821440134
6.519527,45.489294,580.8,27.53219611658415
6.519135,45.489992,578.6,27.615702272849628
6.518743,45.49069,577.6,27.699208290236413
6.518351,45.491389,577.6,27.78281775975553
6.517959,45.492087,577.6,27.866323499185373
6.514574,45.496724,578.6,28.446168906865008
6.512733,45.497985,574.2,28.64701784933341
6.510402,45.499765,557.8,28.915984556147027
6.508777,45.501792,545,29.174810463613248
6.505651,45.501891,531.2,29.418957065200882
6.503126,45.501537,534,29.619866474875373
6.500964,45.502506,536.2,29.820090902039524
6.499063,45.503486,535,30.004208655479626
6.498119,45.504616,535,30.149974664852333
6.497296,45.505753,538.6,30.291899887044817
6.495902,45.507114,540.8,30.478397871052547
6.493507,45.507783,541.8,30.679537565670564
6.491126,45.508686,540.2,30.89074278341155
6.488705,45.510412,530,31.160162938484014
6.486905,45.51224,521.8,31.407399260431472
6.4859,45.513969,517.2,31.615224397423138
6.485774,45.516019,516,31.843640906662593
6.485497,45.518017,512.8,32.06710424586268
6.4850390000000004,45.51975,512.8,32.26330059084284
6.48312,45.520137,512.8,32.41905374887475
6.482308,45.521268,511.6,32.55998797128263
6.480707,45.522579,509.6,32.75205761120414
6.479588,45.52383,508.6,32.91640559397335
6.477999,45.525009,507.6,33.096914621786766
6.47642,45.526245,509.6,33.28156560643564
6.474908,45.528019,506.4,33.5115721547149
6.474416,45.529922,504.2,33.7268597422814
6.473835,45.531449,504.2,33.90277916730439
6.47346,45.532831,505.2,34.05937726528912
6.472364,45.533874,503,34.20354678573637
6.46901,45.535145,499.4,34.500900311757455
6.467703,45.5366,498.4,34.69226540087667
6.466574,45.538262,494,34.89715403126288
6.465946,45.539831,494,35.078548203899295
6.466107,45.541528,499.4,35.26787398826143
6.465477,45.54241,508.4,35.37765893217846
6.465233,45.543139,516.4,35.46101077424875
6.464853,45.543863,524.2,35.54687890338238
6.4645,45.544478,530.6,35.62066500971274
6.46434,45.545212,538.2,35.703320205808495
6.464225,45.546115,545.6,35.80424073697432
6.46405,45.546905,555.8,35.89323511097335
6.463882,45.546375,563.8,35.95367070145815
6.463752,45.54546,571.8,36.05603101532443
6.463922,45.544341,577.8,36.181300622829326
6.463675,45.544579,582.8,36.214053683046
6.463355,45.54539,589.8,36.30771744569722
6.463267,45.54621,597.6,36.39925688069306
6.463221,45.546841,606.4,36.46959096442296
6.463257,45.547569,614.6,36.550680136176695
6.463016,45.546854,621.6,36.63246101526865
6.462746,45.546101,630.6,36.71888708594897
6.462517,45.545503,638.2,36.78780859361546
6.462494,45.544881,647.2,36.85707253140276
6.46223,45.545327,655,36.91081817205245
6.462284,45.54597,661.8,36.98252030229619
6.46237,45.546522,669.8,37.04433334949761
6.462451,45.547165,678.2,37.11618979057784
6.462135,45.547725,684.8,37.18321983656419
6.461622,45.548174,692,37.24723278642177
6.460985,45.548664,700,37.32099829493414
6.460968,45.549354,707.2,37.39782017564301
6.460548,45.54915,713.8,37.437666503088614
6.460347,45.548386,720.4,37.52414602736625
6.460206,45.547763,726.4,37.59436377640567
6.460298,45.547187,733.2,37.658883686039715
6.461112,45.546438,740.4,37.76366458885689
6.460437,45.54663,747.2,37.8204626948609
6.459798,45.547182,754.2,37.89956748630174
6.459927,45.54688,760.8,37.93465796605888
6.460153,45.546205,766.8,38.01183664629173
6.460556,45.545636,772.6,38.08254145049241
6.460756,45.54489,780.4,38.16703693011591
6.460775,45.544035,787.6,38.2622266211305
6.460387,45.543102,794.8,38.370403329744455
6.459896,45.542219,801.4,38.475889711358995
6.459858,45.5414,808,38.56710850123588
6.459776,45.540598,815.6,38.656615360893824
6.459624,45.539751,823.2,38.75164486576921
6.459705,45.538926,829.2,38.84370034643714
6.459653,45.538006,836.2,38.94619450482805
6.459687,45.537241,843.2,39.031395170157225
6.460428,45.536757,851.4,39.110396770046705
6.461219,45.536003,859.2,39.214556334338866
6.461855,45.535312,866.2,39.30607880255897
6.462115,45.534597,872.4,39.388213720211866
6.462578,45.533875,877.8,39.476322924977424
6.462977,45.533122,884.2,39.565734530464994
6.463142,45.532205,890.2,39.66862219303481
6.463473,45.531233,895.6,39.779860825668955
6.463551,45.53027,902.2,39.88723392178075
6.4634,45.529518,908.8,39.971770330036165
6.462932,45.528718,914,40.06801434855134
6.461904,45.527963,919.6,40.18416452324535
6.461025,45.527241,924.4,40.289800216646206
6.460751,45.52645,928.8,40.3804096802547
6.460772,45.525502,934.6,40.48595326525714
6.460684,45.52466,941,40.579935205036804
6.460137,45.52379,950.8,40.68576293095808
6.4594,45.523221,959,40.771296795681494
6.458895,45.522613,965.6,40.84960506193126
6.458339,45.522,973.4,40.930456974590456
6.457626,45.521416,980,41.01600741850703
6.457059,45.520783,986.8,41.0992003811857
6.45674,45.520502,992.8,41.13916963718392
6.457124,45.521293,997.8,41.232177621066626
6.457659,45.522063,1003.6,41.32751069745695
6.458367,45.522694,1009.8,41.41685962897861
6.457733,45.522446,1015.8,41.4734922792683
6.457073,45.521875,1022.2,41.55528532442388
6.456387,45.521319,1028.6,41.63709947993575
6.455808,45.520774,1034.4,41.71273097702317
6.455282,45.520232,1041,41.7856931272397
6.454465,45.519903,1047.2,41.859191572002445
6.452961,45.519519,1049.4,41.98404555608413
6.453862,45.518933,1048.4,42.07993165758552
6.454055,45.518159,1054.6,42.16739813805577
6.452695,45.517166,1057.2,42.3206046151166
6.451715,45.515868,1059.2,42.4840717643976
6.450609,45.514767,1065,42.633953354686064
6.449565,45.513903,1069.6,42.759979621977465
6.44841,45.513142,1074,42.88364839838072
6.446866,45.513469,1079.8,43.00947098092707
6.445439,45.513465,1087.2,43.12078671619943
6.444781,45.513145,1093.6,43.183264956948655
6.445217,45.512363,1100.4,43.27672500374021
6.445946,45.511618,1105.2,43.37728273100171
6.446604,45.510594,1108.6,43.50229783774136
6.446665,45.509462,1110.8,43.62840132039548
6.445831,45.50821,1112,43.78221187561546
6.444838,45.506211,1107.4,44.01783863563992
6.443165,45.504491,1100.4,44.249564511226566
6.441935,45.503252,1100.4,44.41758935985005
6.440526,45.501889,1100.4,44.60495684538372
6.438806,45.500335,1099.4,44.82389834317004
6.437051,45.49869,1097.2,45.05255591473762
6.435056,45.497211,1096.2,45.279135939328896
6.433888,45.495908,1098.4,45.45044135153574
6.432232,45.495353,1101.6,45.59367073447114
6.43197,45.494347,1106.8,45.70750900710416
6.43161,45.493531,1114.4,45.80259037165603
6.431032,45.492723,1120.8,45.903211786881315
6.430925,45.491978,1128.2,45.98656408127007
6.430512,45.491631,1135,46.03687131312685
6.430562,45.492504,1140.4,46.134131524309566
6.430973,45.493395,1146.4,46.23837366828625
6.431152,45.494288,1153,46.33875850561447
6.430967,45.495137,1159.2,46.434364905581454
6.430877,45.494306,1165.4,46.52713760105976
6.430482,45.49346,1172.4,46.62622968542308
6.430007,45.492641,1179.4,46.7246471970389
6.429434,45.491829,1185.8,46.82549355832614
6.428893,45.491028,1193.6,46.92414996857837
6.428114,45.490561,1201,47.004138392239454
6.428285,45.489785,1207.4,47.091546974697366
6.427743,45.489097,1214.8,47.179038477682546
6.427364,45.488442,1222.6,47.2577233437567
6.428043,45.487964,1229,47.33281873917233
6.427843,45.487477,1236.6,47.38923351132153
6.427477,45.486886,1243.6,47.46095644737992
6.427214,45.486894,1251,47.481501074396775
6.426762,45.487396,1259.2,47.547585769208055
6.426683,45.487778,1265.4,47.590554428144536
6.426191,45.487227,1272.6,47.6629183900436
6.42645,45.486697,1278.8,47.72528417480057
6.426161,45.486085,1284.6,47.79704817464148
6.425317,45.485554,1290.4,47.88555167050185
6.425088,45.484832,1296.4,47.96788750017731
6.424469,45.484228,1303.2,48.050680797894685
6.424057,45.483603,1309.2,48.12732678744519
6.423589,45.482894,1316.6,48.214294727542864
6.422678,45.482522,1323.8,48.29657729373708
6.421788,45.482356,1330,48.36845699795796
6.421869,45.481693,1334.8,48.442532094231815
6.421561,45.480908,1342.6,48.53316422024124
6.421269,45.480065,1351.4,48.62973450429875
6.42082,45.479449,1358.4,48.70674382069057
6.420727,45.478799,1364.8,48.77946469374315
6.420337,45.478767,1370.6,48.81011357167967
6.420163,45.479385,1376.4,48.88023679834563
6.419707,45.478831,1382.8,48.951441718503666
6.41896,45.478256,1389.4,49.03802575341446
6.418099,45.477749,1396,49.12578655199618
6.41768,45.477071,1401.8,49.20804267186764
6.418173,45.476626,1408.4,49.270770666557866
6.41856,45.476214,1416.6,49.32568889529678
6.418412,45.475598,1423.6,49.395228041106314
6.417714,45.475094,1432,49.47343552295727
6.417198,45.4745,1440.4,49.55086122569096
6.416633,45.474086,1450,49.61465089608861
6.415913,45.473826,1456.8,49.67786938513489
6.415255,45.473467,1463,49.74294931326637
6.414879,45.473524,1469.6,49.772978499360555
6.415604,45.473997,1475.2,49.85027908343347
6.41617,45.474455,1480,49.91774370927269
6.415959,45.475045,1485.4,49.98545594503751
6.414933,45.47522,1491,50.067880037630744
6.413951,45.475469,1496.4,50.14939167920275
6.413419,45.475607,1502.2,50.1936692907358
6.414103,45.475204,1507.2,50.26340677101535
6.414743,45.474908,1513,50.323252779734794
6.414923,45.474485,1519.8,50.37239255930477
6.414233,45.474232,1526.2,50.43317315339351
6.413501,45.474264,1532,50.49042439911301
6.412842,45.47408,1537.6,50.545794249911346
6.412317,45.473828,1543.6,50.59545779337452
6.411822,45.47353,1549.6,50.64638459378402
6.412038,45.47305,1554.4,50.70241520207706
6.41154,45.47263,1560.8,50.76322004497521
6.411004,45.472291,1567,50.8195657517215
6.410438,45.471992,1573.6,50.874883726727546
6.409783,45.47177,1579.4,50.93167448218642
6.409323,45.471332,1586.2,50.99222886628055
6.408727,45.471066,1594.6,51.04737897829529
6.408224,45.470645,1601.8,51.108520277162754
6.407794,45.470095,1609,51.17834450207745
6.406954,45.46979,1617.6,51.25218867854753
6.406123,45.469552,1625,51.322263746636466
6.40519,45.46948,1633.8,51.395540008412425
6.404297,45.469715,1641.4,51.47000050682108
6.403468,45.469698,1649.8,51.53474557275024
6.402727,45.469737,1657.6,51.59275576812379
6.402049,45.469991,1664.4,51.652763938517005
6.401309,45.47014,1670.8,51.71286704051646
6.400597,45.470041,1677.4,51.76953225889348
6.400294,45.469551,1682.2,51.82898684601891
6.400702,45.468734,1684.6,51.92535108517373
6.401192,45.467801,1686.6,52.03603293712766
6.40159,45.466823,1691.2,52.14925061080034
6.402201,45.466109,1697.2,52.24194822240887
6.402258,45.465046,1700.6,52.3603644896874
6.401819,45.464025,1701.6,52.479077165148524
6.401431,45.463049,1705,52.591869142650665
6.400853,45.462216,1708.2,52.69499651682805
6.400193,45.461373,1712.6,52.80205660331094
6.399503,45.460495,1715.8,52.91365982144628
6.398665,45.459518,1719.2,53.04058421289958
6.397567,45.458636,1722.6,53.17093104802728
6.396451,45.457643,1725,53.31168831358517
6.395001,45.457246,1728.2,53.4332292938165
6.39413,45.456525,1731.4,53.53843135053454
6.395105,45.455903,1734.8,53.64134184148274
6.395979,45.45525,1739.6,53.74105039564578
6.396756,45.454392,1744.4,53.85420468546177
6.397272,45.453461,1748,53.96540052468363
6.397255,45.452524,1751.4,54.069715335093065
6.397063,45.451524,1756,54.18204002101591
6.396685,45.450535,1760.6,54.29602369304019
6.396261,45.449697,1765.2,54.39501168186985
6.39565,45.449047,1770,54.481686087941135
6.395117,45.448425,1776.2,54.562475484859284
6.394567,45.447832,1782.2,54.641232207104856
6.394049,45.447329,1789,54.710310862511335
6.393495,45.446894,1795.8,54.77524821298249
6.392934,45.446527,1802.6,54.835153807442254
6.392339,45.44617,1809.6,54.89629888584071
6.391735,45.445808,1816.4,54.958340144876665
6.391015,45.44564,1823.2,55.017600534670414
6.39021,45.445542,1830,55.08141068777815
6.389445,45.445323,1837.2,55.145939898503904
6.388748,45.445063,1844,55.20759219383802
6.388065,45.444825,1852.4,55.26715238826931
6.387253,45.444657,1859.6,55.333270754123454
6.386423,45.444558,1867,55.39902519418657
6.385575,45.444539,1874.6,55.46528917321942
6.384752,45.444537,1881.4,55.52956724416027
6.383917,45.4445,1890,55.59491211033666
6.383057,45.444446,1897.2,55.66234809165426
6.38221,45.444288,1904.6,55.73079869344352
6.381603,45.443969,1912.6,55.790031707701594
6.381285,45.443473,1921.2,55.85057507093375
6.381339,45.442908,1928.8,55.91361183438488
6.381686,45.442338,1935.6,55.98260965824417
6.382057,45.441942,1941.6,56.035363164414676
6.381202,45.442181,1948,56.10724776783624
6.380458,45.442691,1954.6,56.18848764497119
6.379885,45.443203,1961.2,56.26095401099723
6.379585,45.44363,1967.8,56.313948696137444
6.379406,45.444116,1973.4,56.369827120645105
6.379262,45.444695,1979.4,56.43525497223442
6.379537,45.445312,1985.4,56.507218882754714
6.380065,45.445733,1991,56.56964374350535
6.380619,45.446167,1995.6,56.63449871944695
6.379913,45.445998,2001.4,56.69275812664269
6.379013,45.445653,2007.4,56.772855772087404
6.378482,45.44514,2013.6,56.843432480802946
6.378351,45.44453,2021.2,56.912103819944534
6.378121,45.443975,2027.8,56.97644464125176
6.377749,45.443461,2034.8,57.04061686154759
6.377565,45.442928,2042,57.10166574581112
6.377769,45.442392,2048.2,57.163423737892465
6.378152,45.441878,2055.2,57.22798986671825
6.378523,45.441401,2062.2,57.2884813938924
6.378303,45.441313,2070,57.308260954497825
6.377634,45.441773,2076.6,57.381421794111
6.377113,45.442146,2083.4,57.43955954068167
6.377439,45.441529,2089.8,57.5128114437336
6.377818,45.440938,2096.8,57.58495432133436
6.378206,45.440298,2104,57.662376553166006
6.378932,45.439805,2109.8,57.7412909262383
6.378869,45.439134,2116.2,57.81614821906094
6.378349,45.438546,2123.6,57.89318203320133
6.377667,45.438126,2131.6,57.96406062696534
6.377883,45.438678,2137.6,58.02778313786621
6.377679,45.438898,2143.6,58.057000910976065
6.37686,45.438154,2149,58.16165206065379
6.375757,45.43707,2153.6,58.309923132007206
6.375561,45.435527,2155.8,58.48237008354596
6.374711,45.434127,2158,58.6517721271923
6.372192,45.432897,2142.8,58.89149890226965
6.369107,45.432915,2118.4,59.132500600879936
6.36601,45.432196,2093,59.387328829351176
6.362752,45.430945,2064.2,59.67745086565917
6.36363,45.430961,2043.4,59.746063776576825
6.366348,45.42962,2017,60.00562122659869
6.368529,45.427438,1988,60.302323253300514
6.371151,45.425942,1960.6,60.56632327869639
6.37402,45.425782,1936,60.79117771217796
6.371537,45.425175,1918,60.996600987313556
6.368547,45.425021,1898.4,61.23083366619266
6.366038,45.424362,1878.6,61.440136879476796
6.364085,45.425283,1859.4,61.62396799666933
6.36128,45.424496,1837,61.85998202924705
6.3598,45.423001,1814.8,62.0626332175422
6.362258,45.423464,1796.8,62.261475609325636
6.364052,45.422008,1777.4,62.47575937794075
6.365865,45.421276,1757,62.63918004667466
6.36503,45.419258,1735.2,62.8731052499185
6.363465,45.416974,1710,63.15523803535713
6.362168,45.41662,1690.6,63.26397750637447
6.359899,45.417088,1669.2,63.44877285869305
6.360305,45.415924,1648.8,63.582175963892055
6.356867,45.415338,1622.2,63.85863357311497
6.353922,45.41369,1595.6,64.15293991835296
6.351088,45.41291,1569.4,64.39081601700487
6.352292,45.414026,1554.8,64.54665548714966
6.349849,45.412919,1533.4,64.77388104841421
6.347851,45.410846,1507.2,65.0525054091458
6.34623,45.408881,1483.2,65.30528276612988
6.345575,45.406808,1469.8,65.54165752816925
6.34485,45.408176,1460.4,65.70414198060931
6.343666,45.405822,1437.8,65.98204605150046
6.343047,45.403695,1409.8,66.22371455898906
6.341157,45.40205,1384.6,66.45899031819093
6.339323,45.400337,1358.4,66.69755179594755
6.33747,45.398478,1333.4,66.95014527916028
6.337559,45.399709,1321,67.0873560383699
6.336294,45.39782,1304.2,67.31972588807089
6.335996,45.395212,1282.8,67.61098012941895
6.335212,45.393048,1262,67.85954924885843
6.33469,45.39314,1248.4,67.9016210369274
6.335918,45.392319,1234.2,68.03416590454107
6.336574,45.390373,1213.8,68.25678108412481
6.336895,45.387955,1184,68.52711891809479
6.333368,45.38765,1155.6,68.80494289955024
6.331045,45.38644,1130.4,69.0310561134163
6.331774,45.384774,1105.2,69.22507483924878
6.330135,45.384978,1087.4,69.35521546915804
6.330063,45.384539,1072.2,69.40440787696744
6.330132,45.38414,1056.6,69.44915077461172
6.327733,45.384347,1042.6,69.63812702778533
6.3292,45.382947,1026.8,69.83163202913889
6.328366,45.380709,1004.2,70.0891577519895
6.325478,45.379245,981.8,70.36764023764232
6.324353,45.377225,961.6,70.6090998290515
6.32341,45.374506,931.4,70.9206304046701
6.323939,45.37219,906.8,71.1817441004168
6.322687,45.373319,888.8,71.34105918832645
6.321131,45.374103,868.8,71.49080077086016
6.321844,45.37184,846.4,71.74881342407696
6.320501,45.369415,817,72.0384748380018
6.320446,45.366996,788.6,72.30779103847375
6.319009,45.368707,768.8,72.5289430667747
6.318101,45.369184,750,72.6176118303808
6.317912,45.367739,734.4,72.77914618483746
6.316716,45.36893,718.6,72.9414014974991
6.316272,45.367314,700.4,73.12461449083743
6.315681,45.367168,687,73.1736099689573
6.316667,45.364985,669.6,73.42856260456098
6.314066,45.364056,650.6,73.65677032712561
6.310128,45.364168,621.6,73.96502517366868
6.306534,45.363323,596.8,74.26144541981382
6.303555,45.361706,578.8,74.55587993372572
6.300666,45.360322,564.6,74.82937333925247
6.299682,45.359138,556.6,74.98200307822226
6.300955,45.357616,556.6,75.17852573244448
6.302396,45.355833,549.6,75.40678231400433
6.302787,45.353646,540.8,75.65215186041058
6.304554,45.351971,534.4,75.88426151330651
6.306223,45.350536,533.2,76.09057617447955
6.30608,45.34925,539.2,76.23416949916553
6.306587,45.347641,539.2,76.41762193576471
6.307504,45.34589,539.2,76.6253262196027
6.308516,45.344241,539.2,76.82524019463378
6.309513,45.342544,540.2,77.02962157372896
6.310452,45.340912,541.4,77.22558896289024
6.311307,45.339461,541.4,77.40041987293166
6.312169,45.338012,543.4,77.57525634496731
6.313093,45.336422,545.6,77.76645265594294
6.313928,45.334989,546.8,77.93883678889286
6.314766,45.333563,548.8,78.11059021129876
6.315696,45.332216,551,78.27726616146437
6.316722,45.330907,552,78.443640485311107
6.317728,45.329571,553,78.61191641963347
6.318692,45.328135,554.2,78.78868007646524
6.31945,45.326586,556.2,78.97103350880312
6.319951,45.325006,558.2,79.15123611985176
6.320425,45.323453,559.4,79.32805113011102
6.320952,45.321972,561.4,79.49799706831703
6.321256,45.320525,563.6,79.66082437513117
6.323165,45.320003,566,79.82114974294343
6.324893,45.319424,566,79.97097979777527
6.326558,45.318748,568,80.12147329288868
6.328405,45.31775,569.2,80.30380497638423
6.330501,45.316703,571.2,80.50505921905118
6.332418,45.315903,573.4,80.67955611897227
6.334324,45.315138,575.6,80.85135054638378
6.336198,45.314065,578.6,81.04052767202438
6.338153,45.313103,581,81.22731695768941
6.340014,45.313103,582,81.37300244468096
6.340038,45.313701,588.8,81.4395980076828
6.33877,45.314562,590,81.5775811130899
6.337701,45.315286,594.4,81.69376344151841
6.338265,45.31582,603.2,81.76780991191308
6.338961,45.316304,610.6,81.84443394518516
6.338797,45.316696,618,81.88992037916903
6.337677,45.316839,624.2,81.9790256357053
6.336787,45.316915,631.6,82.0492050787731
6.337109,45.317064,639.2,82.07937848885635
6.338235,45.316921,645,82.16894555480702
6.337684,45.317102,651.6,82.21655097315347
6.336816,45.317259,660.6,82.28670789068066
6.336672,45.317344,667,82.30142488617935
6.337431,45.317374,672.6,82.36093134196274
6.337477,45.31745,677.2,82.37012600699744
6.336715,45.317506,683.6,82.430098260036
6.337458,45.317584,689.6,82.48890287914281
6.33838,45.317461,694.6,82.56236194308117
6.338131,45.31753,699.6,82.5833118862692
6.337254,45.317747,706.4,82.65608705433505
6.336784,45.317888,713.4,82.69608557428515
6.337672,45.317813,719.8,82.76609505715565
6.33832,45.317809,725.8,82.81682046820158
6.337498,45.31799,733,82.88424499536102
6.337548,45.318058,740.4,82.8927666633386
6.338169,45.318016,744.6,82.94160077821529
6.337252,45.318205,751.4,83.01640026282595
6.337369,45.318261,759.2,83.02747891251549
6.337951,45.318313,765.8,83.07340199716013
6.337007,45.318449,774.4,83.14882965926309
6.337599,45.31846,781,83.19518525705041
6.338272,45.318372,786,83.24876815600194
6.337464,45.318581,794.2,83.3161586766694
6.337456,45.318686,801.4,83.32786398548811
6.337638,45.318761,807.2,83.34437636336989
6.337645,45.318845,813.4,83.35374324027794
6.338246,45.318623,819.4,83.40688301858611
6.339043,45.318456,825.8,83.47197990119295
6.339825,45.3188,831.4,83.54418304097041
6.340687,45.31872,838.2,83.61224179900097
6.341619,45.318621,845,83.68602251869764
6.342639,45.318748,850.8,83.76710578326914
6.342199,45.319317,855.4,83.83920464473094
6.341545,45.319846,862.4,83.91723264855425
6.342382,45.320066,868.2,83.98717570460425
6.343605,45.320203,874.2,84.08411168146151
6.345266,45.320208,879,84.21412537455495
6.347106,45.320072,882.8,84.35894254965528
6.349396,45.32088,874.2,84.5594901802264
6.34912,45.319356,862.4,84.73051106442698
6.348926,45.317221,847.2,84.9686628205011
6.349605,45.315618,833.8,85.15485555668445
6.350018,45.313723,819.4,85.36826906559803
6.351763,45.312997,817.2,85.52698954528623
6.352954,45.312277,824,85.64994093505574
6.353302,45.31151,832,85.73956396431797
6.353739,45.310739,838.4,85.83195837253959
6.354369,45.310133,845.2,85.91552480924297
6.3551,45.309628,851.4,85.99574558427763
6.355624,45.308984,858,86.07834297779843
6.356215,45.308279,864.6,86.16944722494523
6.357696,45.307709,866.8,86.3016219663127
6.359233,45.306813,866.8,86.4579191311156
6.360765,45.306157,869,86.59834475744688
6.363183,45.305452,862.2,86.80328094381807
6.365715,45.304084,846,87.05326286085365
6.367572,45.302313,824.4,87.2982268902707
6.368748,45.300874,803.6,87.48299475928924
6.366824,45.302201,787.2,87.69398368477046
6.363757,45.303209,764.4,87.95904596003919
6.365441,45.302199,746.8,88.13232739467782
6.364843,45.302125,732.6,88.17986904569938
6.3626,45.301356,716.8,88.37524634821168
6.364469,45.300569,700.4,88.5458087703498
6.364799,45.298792,682.4,88.74530402630741
6.361741,45.298355,662.8,88.98964767333494
6.359066,45.297697,644,89.21154952758856
6.357576,45.296393,628.4,89.39778794360929
6.356861,45.294612,617.4,89.60380230619609
6.354542,45.294072,613,89.79509228080315
6.352475,45.293392,610.8,89.97378491212213
6.352934,45.291781,607.6,90.15668746490284
6.35303,45.290048,607.6,90.34975058175513
6.352955,45.288433,608.6,90.52962748583157
6.352733,45.286917,609.8,90.69928111269758
6.351566,45.285684,612,90.86418538961087
6.349895,45.283971,615.2,91.09546777992033
6.34867,45.282722,622,91.26439827201777
6.347762,45.281755,628.2,91.39341654197479
6.346937,45.280885,634.4,91.5098436763485
6.346034,45.279929,640.6,91.6376261328942
6.345117,45.279028,646.2,91.76099223182227
6.344193,45.278102,652.2,91.88694634270631
6.344319,45.277247,658.4,91.98263488703394
6.345818,45.276287,660.6,92.14140655386191
6.347219,45.274974,660.6,92.32418513326806
6.346859,45.274026,661.6,92.4334191727963
6.345925,45.273409,668.4,92.53377352901099
6.34512,45.272813,676.4,92.62530899611178
6.344157,45.27233,682.8,92.71794940953951
6.343104,45.272279,689.4,92.80063632856185
6.342208,45.272313,696.4,92.87093074889313
6.341238,45.27241,703,92.94768361252451
6.340369,45.27225,709.6,93.01805225717116
6.339863,45.271677,716.4,93.09315222570437
6.339477,45.271079,722.6,93.16626771977451
6.339008,45.270364,730.2,93.2539325222964
6.338568,45.26999,737,93.30798419333173
6.338325,45.270664,745.4,93.38539102434115
6.337551,45.270966,753.4,93.45472353801593
6.336722,45.270933,761.6,93.51977257669155
6.336349,45.270259,768.2,93.60029154516772
6.336149,45.26958,775,93.67748441352653
6.33563,45.26894,780.2,93.75951522162305
6.33452,45.268361,783.6,93.86775955896329
6.333636,45.267826,788.4,93.95910237566807
6.332669,45.267533,794.6,94.04158590671892
6.331733,45.267293,800.8,94.11963342288084
6.330964,45.266919,807.6,94.19286774733665
6.330564,45.2662,814.2,94.27882316522383
6.330163,45.26551,822.8,94.3618106612411
6.329669,45.264934,830.6,94.4367067897524
6.329092,45.264329,837.8,94.51782134108423
6.328567,45.26378,845.4,94.59148955456912
6.328134,45.263109,852.2,94.67352857862437
6.3276,45.262535,860,94.74990591694045
6.326943,45.261977,868.8,94.83058089385209
6.32625,45.261413,876.6,94.91358874289133
6.325559,45.260876,884.2,94.99424224933092
6.324831,45.260439,892,95.06921160490316
6.324049,45.259929,901.2,95.15274463124473
6.323275,45.259466,908.8,95.23233547325233
6.322556,45.258905,917.2,95.3164434437317
6.321913,45.258408,924.6,95.39127358189441
6.321203,45.257895,932.2,95.47100101472137
6.320477,45.257442,939.6,95.54702307348302
6.319815,45.256878,948.4,95.62846536399687
6.319277,45.256365,955.2,95.69944798477084
6.318619,45.255829,963.6,95.77830767305018
6.318211,45.255273,969,95.8479714020324
6.318491,45.254363,973.4,95.95162122604262
6.317341,45.253436,976.8,96.08862646877961
6.317062,45.25185,968.2,96.26652787654132
6.315885,45.250388,953,96.4535988444816
6.315506,45.248841,949.6,96.62835285006966
6.31601,45.247328,947.6,96.80134911066133
6.317349,45.246415,950.8,96.94744102051503
6.316677,45.24519,950.6,97.09362515954604
6.315995,45.243355,944.6,97.30477461378405
6.31616,45.241447,937.4,97.51756557872883
6.314473,45.239666,921.4,97.75587762158817
6.310957,45.239508,907,98.0320396913487
6.310469,45.238493,908,98.15132846670473
6.311427,45.238283,917.2,98.22997736454197
6.312369,45.238291,924,98.30382302560027
6.313135,45.238098,930.4,98.3675953687845
6.31297,45.237648,937.8,98.4193319296445
6.312545,45.23717,944,98.48211139282024
6.312308,45.236568,950,98.551653231297
6.312389,45.235898,956,98.62650708000525
6.312235,45.235275,962,98.69690198128963
6.312027,45.234643,968.8,98.76912067443078
6.311669,45.234062,975.4,98.83962369314202
6.311618,45.233539,982.2,98.89798090023532
6.31162,45.232986,988.8,98.95954077830609
6.311235,45.232516,996.6,99.0199422843467
6.310996,45.231962,1003.4,99.08439665134344
6.310586,45.231571,1010.4,99.13850422565523
6.310148,45.231212,1017.2,99.19119354553997
6.310469,45.230734,1023.6,99.2500550483332
6.310324,45.230142,1029.4,99.31692943358333
6.309923,45.229713,1036.2,99.37410434363782
6.310099,45.229244,1042.4,99.42810576453293
6.310334,45.228802,1048.8,99.48064523353959
6.310317,45.228304,1054.8,99.53609835906218
6.309905,45.227888,1060.8,99.59255964998603
6.309764,45.227389,1065.4,99.64919737392904
6.310024,45.226938,1070.4,99.70338298490076
6.31043,45.226448,1076,99.76653811666687
6.31078,45.225882,1081.6,99.83526133371716
6.310261,45.225242,1086.4,99.91730765681349
6.309543,45.224812,1091.2,99.99120211167781
6.30869,45.224239,1096,100.08362291854277
6.308421,45.223442,1100.6,100.17481707968147
6.308148,45.223665,1106.2,100.20759546428428
6.308388,45.224291,1112.4,100.2797774492519
6.308933,45.22488,1118.8,100.35803982110822
6.309387,45.225468,1125.2,100.43254840757574
6.3095,45.226041,1130.8,100.49694682330879
6.309003,45.226461,1135.6,100.55781009851862
6.308411,45.226918,1141.4,100.62667489543739
6.308299,45.227591,1147.2,100.70210576166093
6.307887,45.228106,1153.2,100.76790885720006
6.307421,45.228548,1159.4,100.82919290403542
6.306875,45.228645,1165.8,100.87334025498265
6.306307,45.228757,1172,100.91958385503493
6.306381,45.229205,1177.4,100.96979130445496
6.306186,45.229628,1183.4,101.01929898151116
6.305609,45.229926,1189.8,101.07539487631
6.306159,45.230424,1195.4,101.1456266929695
6.305971,45.230982,1200,101.2094675899653
6.305448,45.231346,1205.8,101.26711313251906
6.305223,45.2319,1211.2,101.33125710451645
6.305031,45.232467,1217,101.39614515980536
6.305103,45.233082,1222.6,101.46483893197164
6.304868,45.232961,1228.6,101.48766048721833
6.304613,45.232386,1235,101.55471821029023
6.3045349999999996,45.231812,1242,101.61890751861486
6.304375,45.231267,1248.8,101.68085974551299
6.304696,45.230721,1255.6,101.74664392148651
6.304555,45.230185,1263.4,101.80732647601064
6.304162,45.229754,1270,101.86434613944711
6.303458,45.229588,1277,101.9225500903167
6.303719,45.229196,1283.4,101.97074664395548
6.303898,45.228803,1290,102.01669091530867
6.303403,45.228398,1296.2,102.0761776078938
6.302638,45.228099,1303,102.14477084724507
6.303046,45.227652,1310.8,102.2039252904152
6.303732,45.227301,1317.2,102.27040368843514
6.304029,45.226806,1324,102.33022483417565
6.304146,45.22624,1331.2,102.39389592211732
6.304025,45.22558,1339,102.46797674513749
6.303668,45.225005,1345.6,102.53783789566998
6.303801,45.224392,1351.6,102.60686891777756
6.304044,45.22365,1356.2,102.69163691020557
6.303636,45.223045,1362.8,102.76619671614101
6.303898,45.222251,1367.6,102.85694028305876
6.303695,45.221725,1373,102.91761919275403
6.304515,45.220821,1377.8,103.03703856147494
6.305235,45.220474,1382.4,103.10544460578805
6.305695,45.219479,1384.6,103.22193249374482
6.305524,45.218063,1385.6,103.38013017470615
6.305899,45.216283,1386.6,103.58044895603055
6.306031,45.214966,1385.4,103.72742169100648
6.306185,45.213986,1383.2,103.83718119743604
6.306633,45.210579,1379.8,104.2180705166304
6.307847,45.209519,1379.8,104.36968974902734
6.309033,45.208635,1383.2,104.50509842535223
6.308601,45.207322,1385.6,104.65513643477532
6.307959,45.205677,1382.2,104.84505353918469
6.306917,45.204141,1376.2,105.03456806494198
6.306236,45.202373,1370.6,105.2385003687064
6.303343,45.201691,1360.4,105.47778127190603
6.302745,45.199596,1346.4,105.71566596352109
6.302577,45.198022,1336.6,105.8913777082648
6.301198,45.197016,1324.4,106.04707786160846
6.29914,45.195984,1319.8,106.24521969543976
6.298079,45.194808,1318.8,106.40034960597083
6.296856,45.193732,1322,106.5538159109436
6.295209,45.193371,1329.6,106.6891257514242
6.294076,45.193051,1335.8,106.78488094477625
6.293237,45.192585,1341,106.86868519758765
6.291845,45.192468,1347.2,106.97866130913145
6.290551,45.192899,1353,107.09094223220113
6.289508,45.192304,1357.8,107.19621379045748
6.288191,45.192275,1362.4,107.29958306110024
6.286852,45.192753,1366.8,107.41733573899424
6.285618,45.192694,1372.6,107.5143650285452
6.284696,45.193442,1378.4,107.62466020459236
6.284042,45.194387999999996,1384.4,107.7418012358733
6.283004,45.19519,1390.2,107.86263612195448
6.28207,45.19575,1396.4,107.95883586621312
6.281793,45.196496,1401,108.04467596042599
6.280938,45.196951,1407,108.12872236508986
6.280039,45.197252,1413.6,108.20679862561654
6.279542,45.197785,1419.8,108.27779410739579
6.278809,45.19816,1426,108.34884813021687
6.278046,45.198618,1432,108.42747096211323
6.277274,45.199162,1438.4,108.51311170134305
6.276554,45.199659,1444.2,108.59217242997262
6.275688,45.200321,1449,108.69239733787826
6.274516,45.201056,1453.4,108.81546483973375
6.272575,45.200944,1455.6,108.96822292179372
6.270778,45.201347,1460.4,109.11614290092616
6.269423,45.201705,1467.8,109.22965159892618
6.268603,45.202269,1475.2,109.3195330805599
6.267776,45.202908,1481.2,109.41580141796078
6.266909,45.203357,1487.6,109.5001974906705
6.266072,45.203792,1494.6,109.58177427648998
6.265699,45.204485,1501.4,109.66427980455857
6.265089,45.20524,1507.4,109.76098976515559
6.264405,45.205947,1512,109.8562377694727
6.263414,45.206502,1516.8,109.95552643900768
6.262749,45.207589,1520,110.08729239491731
6.261848,45.208591,1523.4,110.21933421348236
6.260559,45.208998,1529.4,110.33011554960322
6.259128,45.209495,1535.2,110.45524039342044
6.25783,45.21039,1538.4,110.59767948338387
6.25663,45.211349,1540.6,110.73999357528774
6.255011,45.212096,1542.8,110.8917683722505
6.253732,45.212512,1549.2,111.00224505106038
6.252729,45.213027,1555,111.09957761507458
6.252332,45.213856,1560.6,111.19697156950784
6.252092,45.214624,1566.4,111.28451206086525
6.251168,45.214973,1573,111.36672949531943
6.250178,45.215007,1579,111.44445636553536
6.249239,45.215213,1585.4,111.52157966383193
6.248403,45.215959,1589.8,111.62738204970604
6.247343,45.216823,1592,111.7545034737147
6.246326,45.217363,1596.6,111.85437049811323
6.245334,45.217638,1602.8,111.9379655382762
6.244101,45.217871,1607.6,112.03806990508828
6.242954,45.218543,1612.6,112.15505488705817
6.24156,45.219133,1614.6,112.28257747339713
6.2403,45.219762,1618.2,112.40367345477185
6.239006,45.220137,1622.6,112.51339038573964
6.237655,45.220398,1627.4,112.62323654128447
6.236404,45.220852,1632,112.73358275878002
6.234821,45.221078,1635.4,112.86023070752395
6.233188,45.221364,1636.4,112.99217339536723
6.231375,45.221392,1637.6,113.13436497189926
6.229905,45.221427,1641.2,113.24969350432623
6.228861,45.221449,1647.4,113.33159012968913
6.228001,45.221406,1653.8,113.39919238982064
6.227194,45.221369,1661,113.46260319416159
6.226532,45.22112,1667.8,113.52144802495708
6.225737,45.221063,1674.6,113.58410643121701
6.224924,45.221081,1681,113.64788562367018
6.224124,45.221033,1687.2,113.71084117984735
6.223632,45.220413,1693.8,113.78990933017255
6.223248,45.220706,1700.4,113.83429906766528
6.222931,45.221228,1707.2,113.89750079633424
6.222901,45.221731,1713.4,113.95354388845657
6.22377,45.221998,1719,114.02788208631324
6.2229,45.222091,1722.8,114.09687913639598
6.22211,45.221955,1727.6,114.16064563974575
6.221528,45.221635,1733.4,114.21853721164712
6.22072,45.221447,1739.2,114.28525944822687
6.220131,45.221049,1746.8,114.3492584627176
6.219426,45.220788,1754,114.41170831132855
6.218546,45.220551,1762.6,114.48558173191455
6.217755,45.220347,1770.2,114.55163174049984
6.21719,45.219838,1776.2,114.62355716308184
6.21722,45.220381,1782.4,114.68404940172454
6.217215,45.220947,1790.6,114.74705745326804
6.216754,45.221415,1797.4,114.81046698421646
6.216435,45.221894,1803.6,114.8693641302519
6.216051,45.222434,1810.4,114.93659559602852
6.215972,45.223065,1816.8,115.00711078113054
6.216174,45.223593,1823.4,115.06798401583688
6.216487,45.224209,1829.8,115.14081603452122
6.216826,45.224726,1834.4,115.2042094575185
6.216991,45.225136,1840.6,115.2516484934961
6.216189,45.224631,1846.2,115.33599477123374
6.215441,45.224155,1850.8,115.4150344931951
6.214569,45.223995,1856.6,115.4856867110241
6.213847,45.22357,1862.6,115.55946315410166
6.21322,45.22302,1868.6,115.63798344413613
6.21264,45.222395,1874.6,115.7211024685494
6.212378,45.22179,1880.6,115.79151421754032
6.212329,45.221269,1886,115.84963879362881
6.211953,45.22179,1890.6,115.91469952564636
6.211697,45.222427,1894.8,115.98839630337643
6.211726,45.222999,1897,116.05211163877522
6.211941,45.223535,1900.4,116.11411453408499
6.212495,45.224076,1905.2,116.18836890305217
6.213155,45.224576,1909.6,116.26436796308137
6.213611,45.225047000000004,1915.4,116.32782916617494
6.213924,45.225574,1918.6,116.3914205896814
6.214342,45.226178,1923,116.46621943476902
6.214846,45.226733,1928.6,116.53955769526694
6.215365,45.227214,1934,116.60680926805794
6.2161,45.227603,1939.4,116.67889148401771
6.216751,45.227955,1945,116.74323758737559
6.215756,45.227662,1949.6,116.82779096548437
6.214973,45.227354,1955,116.89810524963734
6.213962,45.22687,1961,116.99394771137571
6.213173,45.226318,1968.6,117.08114026661458
6.212572,45.225838,1974.8,117.1523825913457
6.212833,45.226275,1980.8,117.20515797923713
6.213078,45.22673,1986.8,117.25932840554532
6.213539,45.227247,1992.6,117.32728870988606
6.214397,45.227571,2000.2,117.40361656233576
6.214998,45.227959,2006.6,117.46753650583248
6.215296,45.228543,2012.8,117.53661778280646
6.215749,45.229061,2018.8,117.60434076221334
6.216034,45.229649,2024.6,117.6735051447912
6.216088,45.230236,2030,117.73898668120624
6.216515,45.230821,2036.2,117.812208840449
6.216195,45.230862,2042.2,117.83770767255567
6.215462,45.230383,2048.6,117.91610085208654
6.215125,45.229712,2055.6,117.99533104925182
6.21452,45.229166,2063.2,118.07242835858882
6.213762,45.228789,2071,118.14518012404857
6.213076,45.228636,2078,118.2015948937865
6.212486,45.228905,2085.4,118.25669760562774
6.211705,45.228934,2092.2,118.31801277004259
6.211005,45.228852,2098,118.37364651648284
6.210294,45.228956,2104.4,118.43057823611032
6.209587,45.228972,2109.2,118.48603534924784
6.208819,45.229013,2115.2,118.5464189333544
6.209141,45.229568,2121,118.61315977944867
6.209487,45.230121,2126.6,118.6804309093776
6.210114,45.230532,2133,118.74758389334202
6.210253,45.230717,2139.2,118.77088339272821
6.209168,45.230592,2146,118.85707505020338
6.208335,45.230203,2152.2,118.93543284428922
6.207685,45.229841,2159.6,119.00039974528896
6.207063,45.229499,2166.2,119.06226526490808
6.206365,45.229209,2171.8,119.12580049265321
6.205614,45.228862,2176.8,119.19621875763842
6.204818,45.228421,2183.8,119.27562011490099
6.204477,45.227673,2190.8,119.36307372190252
6.203342,45.227479,2198.8,119.45464249801233
6.20245,45.228504,2199.8,119.58847107158331
6.201605,45.229992,2189.8,119.76687074499362
6.199349,45.231345,2174.2,119.99917633631289
6.196934,45.232903,2157.6,120.25593247948954
6.194128,45.233859,2138.4,120.50029544476693
6.192834,45.235475,2123.6,120.70681683505552
6.19052,45.236994,2106,120.95480163030636
6.187497,45.237881,2089,121.2115171022923
6.185171,45.239207,2072.4,121.44610531238366
6.182375,45.238942,2053,121.6672479546243
6.179035,45.238936,2034.4,121.92905744969931
6.175883,45.238467,2018,122.18158645854453
6.174092,45.236528,1996,122.43907557439427
6.171819,45.234768,1971.4,122.70390405025087
6.16874,45.2336,1946.2,122.97806649859109
6.165492,45.232699,1924.6,123.25173194824951
6.16205,45.231864,1904.2,123.53712866783056
6.15933,45.230288,1882.2,123.81326245507236
6.156479,45.22905,1863.2,124.07584819506924
6.15334,45.228351,1842.8,124.33395418265229
6.150607,45.227409,1827.4,124.57250802133272
6.149182,45.226767,1829,124.70513379999142
6.147667,45.226697,1835,124.82416915745071
6.146256,45.226587,1841.4,124.93547112502202
6.145092,45.226412,1846.4,125.02878826506658
6.144099,45.226089,1852,125.11454472981708
6.143028,45.225716,1856.2,125.20822039944633
6.142026,45.225325,1861.6,125.29803330717908
6.140942,45.225033,1867.4,125.38902798225043
6.139901,45.22475,1872,125.47651660325666
6.1389,45.224298,1876.4,125.56974480035247
6.138821,45.223497,1881,125.65912659563286
6.13823,45.222735,1886.8,125.75578399446107
6.137113,45.222249,1891.6,125.85872867604824
6.136408,45.221369,1896,125.9712103089454
6.135707,45.220363,1898.2,126.09595979224366
6.134645,45.219108,1898.2,126.2586014022863
6.133409,45.217545,1890.2,126.45776674115533
6.131867,45.215725,1879,126.69370870451498
6.130293,45.213642,1868.4,126.95639308228898
6.128091,45.21192,1852.8,127.21439696281061
6.125815,45.210364,1835.8,127.4631190501123
6.122792,45.209396,1824.2,127.72354036936765
6.119589,45.208634000000004,1809,127.98867767387439
6.116893,45.208513,1804.2,128.2005473573676
6.114447,45.208051,1801.8,128.39915683616434
6.111459,45.207815,1788.8,128.63496943625745
6.108385,45.20763,1772.8,128.87693777871678
6.10501,45.206516,1751.2,129.16924720214675
6.103506,45.205671,1734,129.32012090989747
6.106063,45.206458,1720.4,129.538970013803
6.108892,45.206811,1700.6,129.76430239918454
6.106826,45.206231,1687.8,129.93872952582507
6.103402,45.205074,1664.2,130.23656808552306
6.099565,45.204339,1637.4,130.54843970914152
6.095515,45.204609,1605,130.8675135708275
6.091416,45.203973,1570,131.19671617974174
6.088236,45.203399,1543.2,131.4541923337936
6.085879,45.201599,1528,131.72682488441967
6.082772,45.201253,1509.6,131.97355527887703
6.079167,45.201386,1487.4,132.2567105321151
6.077063,45.203081,1460.6,132.50738482415684
6.076683,45.203085,1441.6,132.53719355308738
6.076665,45.202146,1421.4,132.6417320892323
6.074851,45.203703,1399.2,132.86597643201074
6.072385,45.204437,1372.4,133.0759450284811
6.070392,45.20512,1368.8,133.24977166210257
6.067876,45.205964,1359.6,133.46833112195372
6.064945,45.20748,1336.6,133.75350553123184
6.06093,45.20822,1301.8,134.07899340882167
6.057353,45.209208,1264.6,134.3803178179393
6.055205,45.209748,1256.2,134.5591817185715
6.05624,45.209765,1264,134.64037475803343
6.056937,45.209908,1273.4,134.6973083733902
6.057075,45.210149,1281.6,134.72623713531445
6.056532,45.210228,1288.2,134.7697207373158
6.055973,45.210319,1295.6,134.81471567284666
6.055741,45.210536,1304.2,134.84495757994463
6.056429,45.210617,1310.6,134.8996621746832
6.056713,45.210814,1317.2,134.93091904953323
6.055908,45.210861,1325.6,134.99426726524797
6.055345,45.210853,1334.8,135.03842926847102
6.053699,45.210944,1337.2,135.16791285591887
6.051586,45.210861,1339.4,135.33388118575527
6.050471,45.211259,1346,135.4319078982978
6.049427,45.210837,1353,135.52630244686864
6.04832,45.211027,1359.4,135.61565761830747
6.047571,45.211143,1365,135.67579999830997
6.046677,45.209879,1367.2,135.83300809110227
6.045262,45.20917,1368.2,135.96918562248578
6.04482,45.207906,1369.2,136.11410063888357
6.044138,45.206485,1368.2,136.28108436537772
6.043058,45.205017,1367.2,136.46515024145853
6.041334,45.20408,1364,136.6359248728548
6.040333,45.202483,1359.2,136.8302676150133
6.039312,45.200538,1350.8,137.06112017146373
6.039286,45.198575,1344.8,137.27964984872267
6.038649,45.196007,1326.8,137.5698525510918
6.036934,45.193218,1297,137.9082188205546
6.035702,45.190277,1262.8,138.24957806423333
6.033973,45.187317,1224.4,138.605912953621
6.034652,45.184647,1192.4,138.90787256593026
6.035302,45.181372,1154.6,139.27599394453262
6.036567,45.178377,1118.6,139.62385824778346
6.03689,45.176277,1090.6,139.8589992071269
6.037575,45.174045,1075.8,140.11321261447702
6.038731,45.171123,1049.6,140.45090220751177
6.040779,45.168573,1019.4,140.7771123549592
6.041951,45.165786,994.4,141.10070862030705
6.042265,45.162759,969.2,141.43857279864068
6.04254,45.159924,951.8,141.754900888107
6.043861,45.157017,927.2,142.0947143330853
6.04556,45.154312,895,142.4240485464205
6.047217,45.15166,869.6,142.74665614425965
6.04845,45.149495,865.6,143.00637608903398
6.049477,45.148193,869.2,143.1722319886655
6.050654,45.147463,877.4,143.29528863675026
6.051258,45.146466,884.4,143.41598079773314
6.053205,45.145828,885.4,143.5845399439757
6.053453,45.144443,878.8,143.7399421606647
6.05086,45.143657,863.8,143.96154111328744
6.049348,45.141488,854.2,144.2306015954204
6.048958,45.139663,853.2,144.43605473139357
6.048478,45.138041,854.4,144.62050698401822
6.049226,45.136748,856.6,144.77596652903455
6.049395,45.135166,858.6,144.95257330410377
6.049003,45.133485,858.6,145.14221652825452
6.04859,45.132037,858.6,145.3066378382285
6.048138,45.130688,858.6,145.46094627237198
6.047478,45.129296,858.6,145.62434249526856
6.045649,45.128144,858.6,145.81690298607305
6.043809,45.12909,859.8,145.9957125863895
6.041847,45.13031,860.8,146.20110860309933
6.041449,45.130302,861.8,146.23237843392081
6.043602,45.128653,850,146.48195341544744
6.043189,45.128559,837,146.5160356628232
6.040309,45.128776,823.6,146.74351078612
6.037703,45.127908,817.6,146.9698435902488
6.035249,45.12705,815.4,147.18494739385667
6.033094,45.126182,813.4,147.3798415278202
6.030952,45.125319,813.4,147.5735752199521
6.028812,45.12442,813.4,147.76919433330923
6.026674,45.123564,811.2,147.9622740021728
6.024464,45.122696,810.2,148.16094040507738
6.022614,45.121493,810.2,148.35854946001223
6.020289,45.120586,809.2,148.56722650669988
6.018018,45.119554,808.2,148.77940439129324
6.01625,45.118225,808.2,148.9823196065582
6.014506,45.116791,807.2,149.19267769302678
6.012822,45.115304,807.2,149.40457554237
6.009806,45.114746,804.8,149.64950955729762
6.006871,45.114475,804.8,149.88204001973952
6.006087,45.113236,806.8,150.03309148684653
6.006508,45.11125,808,150.25663225814262
6.006953,45.109337,808,150.47243709426073
6.007411,45.107427,808,150.68808065391113
6.007836,45.105613,808,150.8927563852347
6.008251,45.103824,808,151.09455865747407
6.008687,45.10199,808,151.30157288460285
6.009128,45.100127,809,151.51183611610512
6.009606,45.098236,809,151.72566597863158
6.010093,45.096356,809,151.93841676982126
6.010576,45.094432,810,152.15593266460067
6.011033,45.092427,811,152.38199919842336
6.011512,45.090453,812,152.60494494132834
6.011968,45.088575,812,152.81705245582117
6.012443,45.086621,813,153.037751131482
6.012911,45.084717,813,153.2528715619071
6.013395,45.08281,814,153.46853952350875
6.013834,45.08098,815.2,153.67515596667926
6.014238,45.079096,816.2,153.88727250330578
6.014666,45.077303,817.2,154.0896840016199
6.015224,45.075781,821.8,154.26469828197628
6.01614,45.074624,826.4,154.4122575353513
6.017262,45.073245,830.6,154.5893030764535
6.018705,45.071486,828.6,154.81560154454118
6.020093,45.069498,825.2,155.06234555247806
6.021499,45.067645,823,155.2963724077718
6.022825,45.065934,821,155.51350561561782
6.024081,45.064212,821,155.72913984059886
6.025313,45.062544,821,155.93857015013205
6.026516,45.060945,821,156.140142851343
6.027858,45.0592,822,156.36120718162567
6.029156,45.057476,822,156.57857577045343
6.029702,45.055599,822,156.7918882233026
6.03165,45.054756,823,156.97153548482277
6.033664,45.055893,823,157.17427607070377
6.035134,45.057231,823,157.36281595615534
6.036624,45.058424,825.2,157.53991747480796
6.037746,45.059664,827.4,157.70374046239775
6.037316,45.061659,821.2,157.92838196022103
6.037663,45.063331,820,158.11649731442333
6.039334,45.064522,822.4,158.30315212317961
6.039923,45.065802,826,158.45297781737273
6.039626,45.066515,836.2,158.5357123656602
6.039516,45.066986,842.6,158.5888523430903
6.03945,45.067434,849,158.63899270920095
6.039335,45.067949,855.2,158.6970308395294
6.039285,45.068521,863,158.76082681720547
6.039199,45.069005,870,158.8151280407772
6.038972,45.069422,876.2,158.86486073223466
6.038738,45.069928,882.4,158.9241165283628
6.038668,45.070426,889,158.97982612238994
6.038776,45.070913,895.8,159.03469958745242
6.038918,45.071436,902,159.09398032080037
6.039187,45.071724,908.2,159.13238701306386
6.039177,45.07117,912.8,159.1940630216743
6.039346,45.07072,919.8,159.245888806827
6.039617,45.070238,926.4,159.30361997493426
6.040051,45.069925,934,159.3523871383523
6.040461,45.06958,940.8,159.40252669668013
6.040955,45.069224,948.6,159.4580145666987
6.041071,45.068706,955.2,159.5163948001785
6.041167,45.068221,961,159.57090976173532
6.041395,45.067771,967.8,159.62411422589125
6.041682,45.067322,974.6,159.67895400735176
6.041969,45.066867,981.2,159.7344032999381
6.042238,45.066524,988,159.77805207795146
6.041943,45.06714,995.2,159.85044116570538
6.041753,45.067623,1001.8,159.90624505522652
6.042036,45.067856,1008.6,159.94041829186784
6.04212,45.067333,1014.6,159.99901176618317
6.042605,45.066932,1021.8,160.05772030747562
6.042911,45.066434,1028.2,160.1181528511613
6.043237,45.066028,1036,160.17011069735358
6.043173,45.066506,1043.8,160.2235588079953
6.043015,45.066976,1050.2,160.27733348761063
6.042842,45.067481,1057.2,160.33517190517094
6.042735,45.067959,1064.2,160.38904351961176
6.042689,45.068428,1070.8,160.44137747279098
6.042825,45.068836,1077.6,160.48803745193246
6.042858,45.068203,1083.4,160.5585504368471
6.043234,45.067769,1090.2,160.6151896631771
6.043648,45.067347,1096.8,160.67234112721042
6.044351,45.06762,1101.6,160.7354163083415
6.044735,45.068326,1107.4,160.8196071932571
6.045077,45.068964,1112.8,160.89554845466103
6.045628,45.069581,1117.4,160.97675237502725
6.04606,45.070141,1122.6,161.04774283561946
6.046709,45.070541,1128.4,161.1154634693409
6.047251,45.07103,1134.4,161.18459278999774
6.047772,45.071585,1141,161.2587191741091
6.047861,45.071831,1147,161.2869834945879
6.047152,45.071354,1152.6,161.36396648729922
6.046379,45.071088,1156.8,161.4315675564908
6.045532,45.071069,1162.8,161.49818978549416
6.044606,45.070948,1167.4,161.5722248884793
6.044747,45.071245,1173.4,161.60709558887393
6.045562,45.071472,1178,161.67597116708512
6.046347,45.07165,1183.6,161.74078806751538
6.04694,45.072085,1189.2,161.80800590820425
6.047418,45.072637,1195,161.88003378573055
6.04771,45.07325,1200.6,161.95203025915512
6.048354,45.073638,1205.2,162.01857849721338
6.049139,45.073461,1210.8,162.0833594078913
6.049878,45.073188,1215.2,162.14892371516845
6.050458,45.072855,1221,162.2076873617403
6.050992,45.072546,1227,162.26196028603172
6.050906,45.072793,1232.8,162.29027520752223
6.050536,45.073266,1238.8,162.35042941206726
6.050206,45.073754,1245.2,162.4106299266607
6.049692,45.074166,1251.8,162.47175446101878
6.049465,45.074702,1258.4,162.53403307094794
6.048851,45.074995,1264.6,162.59228779648876
6.048062,45.07489,1271,162.65540420507241
6.048094,45.075042,1276,162.67251074051057
6.048964,45.07523,1281.8,162.74403309533142
6.049757,45.075164,1287.6,162.80680338916704
6.050191,45.074656,1293.4,162.87284838453274
6.050752,45.07422,1299.2,162.93842752881875
6.051377,45.073772,1304.8,163.0084360741275
6.051961,45.073258,1309.4,163.08179607454204
6.051537,45.073819,1315.2,163.15258496585957
6.051057,45.074448,1321.2,163.23212528479831
6.050791,45.075104,1327.6,163.30808578173634
6.050601,45.075734,1333.6,163.3797899210352
6.049906,45.076142,1339.6,163.4508372534146
6.049187,45.07644,1345.4,163.51637372859904
6.048157,45.076346,1351.4,163.59801513454747
6.047423,45.076616,1357.6,163.66307362455677
6.048155,45.07657,1362.4,163.72084315411004
6.048877,45.076739,1368.2,163.78063587634458
6.049605,45.076686,1372.8,163.83816677710038
6.05036,45.076544,1378.2,163.89958591502398
6.051052,45.076314000000004,1384,163.95970804842543
6.051549,45.075954,1389.8,164.01567599433739
6.051906,45.075496,1395,164.07387384724314
6.052222,45.075004,1399.6,164.13401325334527
6.052236,45.075185,1404.4,164.1541921160129
6.052026,45.075748,1410,164.21900271305893
6.051903,45.076277,1416.2,164.27867924594528
6.051667,45.076763,1422.8,164.33587294448392
6.051196,45.077114,1429,164.38970182992938
6.050561,45.077464,1435.2,164.45302379396045
6.050137,45.077791,1441.2,164.50237907380668
6.049627,45.078083,1447,164.5539910201767
6.048845,45.078053,1452.4,164.61555268870535
6.048006,45.07791,1457,164.68339837418318
6.048639,45.078167,1461.6,164.7407951776193
6.049293,45.078417,1467.2,164.79925365688666
6.050004,45.07837,1471.8,164.85538758875995
6.050782,45.078179,1476.8,164.92013459651668
6.051452,45.077967,1480.8,164.9778473183337
6.052173,45.077768,1486.6,165.03869897671308
6.052964,45.077322,1492.2,165.11826786364534
6.053585,45.077488,1497.4,165.17046418408424
6.054007,45.078088,1504.4,165.2450399535853
6.054353,45.078672,1512.6,165.31551057501264
6.054647,45.079281,1519.6,165.38713494518927
6.054658,45.07983,1526.2,165.44825546201946
6.054835,45.080428,1532.2,165.51626289649212
6.05542,45.080775,1538.2,165.57631767995744
6.055808,45.080275,1544.2,165.63978545274986
6.056664,45.080103,1548.6,165.7097421575859
6.05756,45.08039,1553.2,165.78707937432077
6.058366,45.0807,1556.8,165.8592230584846
6.059011,45.081056,1562.6,165.92357316221793
6.059732,45.081325,1568.4,165.98767085007128
6.060361,45.081599,1574,166.04576362641708
6.061092,45.081832,1579.4,166.10880500428738
6.061825,45.082031,1583.8,166.170532358705
6.062035,45.082264,1588.4,166.20127665216685
6.061134,45.082112,1590.8,166.27409015268282
6.060273,45.082187,1595.6,166.342279370934
6.059372,45.08224,1600,166.4133448699544
6.058365,45.082299,1604.8,166.49276876833315
6.057663,45.082729,1608.2,166.56581609685614
6.057567,45.083308,1612.4,166.6307102660659
6.057939,45.083382,1618.2,166.6610877827078
6.058661,45.083096,1624.4,166.7261578751956
6.059365,45.083056,1631.2,166.78167153162573
6.060168,45.083128,1637.2,166.84529462629595
6.060967,45.083279,1643.4,166.91030696554287
6.061727,45.083435,1649.2,166.9725161055554
6.062506,45.083522,1654.6,167.03450670557464
6.061792,45.083617,1659.4,167.0916147361433
6.061028,45.083812,1664,167.15546790722524
6.060458,45.084098,1670,167.2104297487088
6.060201,45.084607,1675.8,167.2705843399398
6.05993,45.085172,1681.2,167.33698869665767
6.059571,45.0857,1687,167.40218736594588
6.059085,45.086132,1692.6,167.4636018175732
6.058675,45.086539,1698.8,167.51919982442365
6.05832,45.086997,1704.6,167.57731943628986
6.058017,45.08747,1710.4,167.6351084837035
6.057552,45.087869,1715.6,167.6926276696286
6.056996,45.088206,1721.2,167.7502199891641
6.056254,45.08829,1727,167.80928124896084
6.056032,45.088423,1732.6,167.8321641065255
6.056403,45.088925,1738.2,167.8951960568776
6.057038,45.089125,1743.8,167.9498431541408
6.057761,45.089172,1748.8,168.00690567811964
6.058495,45.089121,1753.2,168.06487104758077
6.059291,45.088981,1758.8,168.12934254680872
6.060011,45.088828,1764.8,168.18843680149413
6.060289,45.088932,1770.2,168.21316329203984
6.059843,45.089426,1774.8,168.27837641170666
6.059362,45.089832,1780.4,168.33729740677313
6.058865,45.090181,1786.2,168.39238846249384
6.058302,45.09056,1790.8,168.45352562520145
6.05771,45.090923,1796.6,168.51514938040305
6.057135,45.091193,1802.6,168.56942114873792
6.056447,45.091399,1809,168.6281524688937
6.055634,45.091395,1815.2,168.6920469608982
6.05589,45.091591,1819.8,168.72172552813387
6.056597,45.091759,1824.6,168.78035072310055
6.057461,45.091849,1830.6,168.84898638031595
6.058343,45.091769,1835.8,168.9188712175596
6.059192,45.091701,1840.4,168.98602099864004
6.059971,45.091548,1845.6,169.04956669152642
6.060683,45.091402,1851.2,169.10783461857883
6.061419,45.09123,1856.8,169.16876296664748
6.062142,45.091048,1862.2,169.22908714241495
6.062865,45.090863,1868.2,169.28952446988566
6.063638,45.090756,1874.6,169.35143116571527
6.06489,45.090487,1877.8,169.45428180731807
6.065396,45.090846,1880,169.51065980954309
6.064462,45.091095,1884.4,169.58912180564516
6.063715,45.091487,1888.8,169.66226975832654
6.06291,45.091908,1893.4,169.74100155619044
6.061977,45.092495,1897,169.83921618191178
6.061439,45.092842,1902.6,169.89648493322667
6.062421,45.092705,1908.6,169.9751500599567
6.063402,45.092626,1914.4,170.0527442215563
6.064534,45.0927,1919,170.14208569614547
6.065719,45.092885,1922.4,170.23746144717242
6.066925,45.09306,1925.8,170.33421870190537
6.068304,45.093027,1926.8,170.4426521946515
6.070118,45.092449,1924.8,170.59905730352656
6.071836,45.092801,1923.8,170.73964172463323
6.071343,45.09368,1926.4,170.84488251265884
6.071005,45.094344,1931.8,170.92342632582012
6.070859,45.094776,1937.4,170.9728660702142
6.070726,45.09509,1939.6,171.0093495267436
6.070673,45.095241,1944,171.0266670739836
6.070637,45.09542,1944,171.04679308490887
6.070852,45.095256,1944,171.07166784384725
6.07104,45.095099,1942.8,171.09455267507497
6.071263,45.094913,1941.8,171.1216785743147
