Lat,Long,Tm,Tx,Tn,P
48.935,-123.742,8.2,13.5,1,178.8
48.824,-124.133,7,15,-3,258.6
48.829,-124.052,6.8,16,-2.5,264.6
48.425,-123.226,,12.5,,
48.735,-123.728,7.7,14.5,-1,168.4
48.432,-123.439,8.8,13.1,1.9,81
48.985,-123.573,8.9,13.5,2,110
48.575,-123.53,7.2,12.7,2.2,108.8
48.374,-123.561,,,,102.6
48.824,-123.718,,,,142.8
48.824,-123.719,7.7,14.7,-2.6,132.8
48.764,-123.287,8.6,14,2,91.1
48.298,-123.531,9.6,15.6,5.2,
48.622,-123.419,8.1,14,-1,116.5
48.888,-123.546,8.3,14.5,1,104.3
48.598,-123.427,,,,67.8
48.775,-123.128,7.8,12.9,2,77.2
48.775,-123.128,7.6,12.7,2.1,72.5
48.784,-123.045,8.7,13.7,4.1,65
48.647,-123.626,7.1,14,-1.5,158.8
48.377,-123.921,9.5,14.4,5.1,128.6
48.457,-123.305,8.3,14.9,0,82.6
48.476,-123.443,,,,70
48.413,-123.325,8.9,13.4,3.4,71.6
48.538,-123.501,8.1,13.3,1.8,113.6
48.647,-123.426,7.8,14.4,-0.5,112
48.34,-123.539,9.2,14,3.5,83.9
49.35,-124.16,8.1,13.7,4,103
49.952,-125.273,6.3,14.4,-5,154.2
49.945,-125.208,,,,146.4
49.998,-125.195,7.9,16,1.5,73.6
50.333,-125.446,7.8,12,1.5,192
49.472,-124.683,8.3,14,2.5,234.8
49.717,-124.9,7.4,13.5,-1.1,173.3
50.071,-124.949,8.5,14.4,-1.5,100
49.763,-124.999,7.6,13.5,0.5,140.1
49.686,-125.033,6.9,16,-3,152.1
49.209,-123.811,8.3,13.2,4.5,84.4
50.454,-125.993,8.3,12.5,2.4,167.6
50.099,-125.203,7.4,13,0.5,164.8
49.353,-124.512,6.6,13.5,-4,167.9
49.471,-124.794,7.5,14,-1,299.4
49.576,-125.606,5.8,12,-1.5,437.2
49.054,-123.87,7.4,14.9,-2.9,149.9
49.199,-123.988,,,,162.4
50.681,-127.367,6.7,14.9,-2.9,118.4
49.337,-124.394,7.3,14.8,-1.6,125
49.394,-124.617,7.4,14.5,-1,171.2
50.016,-125.304,7,15,-2.5,165.6
49.487,-124.435,8.6,14.2,4.5,
49.209,-123.809,8.3,13,3.5,107.2
49.337,-124.982,7.2,18,-5,139.4
48.786,-125.216,9.5,15,4.5,220.4
48.612,-124.751,,,,210.8
49.383,-126.543,8.9,13.5,2,237.3
49.383,-126.543,8.7,14,2.3,223.3
49.779,-126.055,7.5,16,-3,286.2
49.111,-125.923,9,14,4,192.1
48.859,-124.655,8.5,16,-1.5,406.6
49.6,-126.617,9.1,13,4,274.8
48.723,-125.097,9,14,1,279.8
49.202,-124.752,7.9,14.5,-2,311.3
50.386,-127.455,8.6,15,0,251
50.534,-127.653,7.4,12,0,102.8
50.441,-128.033,9.5,16,3.5,163.8
49.317,-124.927,7,14.2,-3.4,155.4
50.821,-128.908,8.4,12,5.3,138.8
50.112,-127.94,9,13.9,4.9,63.2
49.932,-126.654,7.8,14,-2,395
49.082,-125.773,8.5,14.8,-0.5,233.8
48.945,-125.527,8.7,15,-1.5,250.2
50.053,-126.779,8.2,16.5,0,424.6
49.386,-123.541,8.4,13,3.5,125.4
49.468,-123.913,8.4,13.5,3,105.6
49.488,-123.299,8.9,14.1,4.9,94.8
49.634,-124.032,,,,160.1
49.526,-123.496,8.2,14.6,2.1,477
49.834,-124.5,7.1,12.6,-3.1,150.6
49.835,-124.497,6.8,12.3,-2.6,128.4
49.458,-123.715,7.4,14.2,-1.6,122.4
49.783,-123.161,7.1,16,-2.2,302.8
51.936,-131.016,8.2,12,3.5,
53.316,-132.772,8.2,13.9,2.1,75.8
54.255,-133.058,6.3,11,-0.2,154
54.255,-133.058,6.1,10.9,-0.2,142.9
54,-132.167,5.6,12.9,-3.2,105.4
54.159,-131.661,6.6,11.1,-1.1,62.6
53.254,-131.813,6.5,12.5,-1,98.4
53.25,-131.813,6.6,12.3,-0.5,67.8
53.254,-131.814,6.6,12.3,-0.6,0
51.604,-127.864,7.7,14,2,258.2
52.185,-128.157,5.5,14.1,-3.9,233.9
52.388,-126.596,4.7,14.5,-3.5,87.2
52.643,-128.524,7.2,13,2,516.8
53.493,-130.638,7.7,12.5,2,183.6
53.493,-130.639,7.4,11.1,2,114.2
52.187,-127.471,5.8,11,0.3,102.4
53.03,-131.602,7.6,12.8,2.2,
52.185,-128.112,7,14.5,2,211
51.247,-127.835,7.3,13,1,156.2
54.569,-130.708,5.8,10,0.5,243.6
54.58,-130.698,5.8,10.2,0.5,23
50.94,-127.632,8.9,12.5,4.6,48.6
54.172,-130.361,6.8,12.1,1.2,34.8
52.27,-128.407,7.2,13,2,246.8
53.563,-127.943,1.7,16.5,-5,249.4
54.054,-128.634,1.4,7,-5,112
54.01,-128.705,2.2,10.5,-9,190.9
54.296,-130.609,6.9,11.3,0.8,
54.286,-130.445,5.5,11.9,-2.6,186.5
54.32,-130.29,,,,222.8
55.936,-129.985,0.8,9.4,-11.5,105.4
54.502,-128.625,1.4,11,-10.5,77.1
54.469,-128.578,0.3,8.3,-8,191.5
54.295,-130.88,7.2,12,1.5,126.8
54.044,-128.682,2.1,10.5,-7,205
54.199,-126.277,-5.6,8.5,-18,86.5
54.396,-126.668,-1.9,9.5,-16,5
55.238,-129.03,-0.7,10.5,-13.5,94.8
54.825,-127.183,-2.7,8.4,-17,40.4
54.825,-127.183,-2.4,10.1,-17.4,52.4
54.824,-127.189,-2.7,8.9,-17.3,45.2
55.289,-127.171,-3.1,8,-14.5,41.7
53.772,-125.997,-4.8,8.5,-19,79
53.772,-125.997,-4.2,6.8,-18.8,74.7
50.306,-122.734,4.5,14.8,-3.6,113.8
52.114,-124.136,-3.2,11.1,-21.3,20.7
51.675,-124.403,1,12.9,-14.7,39.9
53.069,-121.515,-2,8,-16,75.8
54.383,-125.959,-4.6,7.4,-19.4,34.4
53.6,-120.7,-0.8,9,-14.5,65
54.455,-124.286,-4.5,7.5,-21,26.2
54.455,-124.286,-3.9,7.6,-21,45.6
53.531,-122.699,-0.3,8.5,-12.5,30.6
52.363,-121.364,-0.9,12.5,-12.5,51.8
52.38,-122.374,-0.2,11,-10,37.2
52.531,-122.286,-0.9,9,-14,50.9
53.884,-122.678,-3,7.3,-16.9,30.4
53.889,-122.672,-3,7.2,-17.2,33.6
53.88,-122.768,-1.4,14,-15,34.3
53.026,-122.51,-0.1,12.3,-12.2,35.8
53.027,-122.506,-1.7,9.8,-13,31.7
52.184,-121.686,-1.1,11,-17,54.8
52.183,-122.054,-0.7,9.6,-14.8,54.4
54.033,-124.017,-3.1,9,-16.5,37.8
51.623,-121.263,0.7,11.5,-11.5,34.4
49.025,-122.36,8.2,15.4,-1.4,111.4
49.243,-121.76,8.6,16,-0.6,124
49.243,-121.76,8.9,16,-0.5,168.8
50.129,-122.955,3.7,12.8,-5,124.4
50.102,-122.936,3.1,11.6,-3.9,172.8
49.278,-122.918,8.3,14,4.5,150.7
50.144,-123.111,3.3,12.4,-4.7,246.3
49.269,-122.866,,,,165.3
49.08,-121.704,6.6,16.5,-1.5,153.8
49.126,-123.002,7.3,14.8,-3.9,88.9
49.011,-123.093,7.9,14,1.5,70.6
49.145,-122.551,8.1,15,-1,116.6
49.264,-122.573,8,14,-1,192.9
49.356,-121.579,7.8,15,-1,198
49.153,-122.271,8.1,15.5,2,151
49.182,-123.078,,,,100.8
49.381,-123.078,3.6,8.5,-1,202.7
49.315,-123.115,,,,147.2
49.208,-122.69,8.2,15.6,-2.5,128.3
49.33,-123.265,7.6,14.3,2.4,112.4
49.179,-123.087,,,,113.8
49.171,-123.093,7.8,19.5,-3,107.4
49.106,-123.303,8.2,13.6,3.7,
49.113,-122.11,8.5,16,1.5,146.5
49.183,-123.187,7.6,14.4,-0.8,94.6
49.195,-123.184,7.4,14.3,-1.9,113.4
49.295,-123.122,8.5,13.1,1.9,130
49.347,-123.193,8.3,13.7,1.7,121.5
50.068,-122.947,-1.2,8,-10,207.1
49.018,-122.784,9,16.5,0.3,94.8
49.438,-122.967,6.8,13.5,-2,178.1
49.368,-121.498,7.8,15,-1.2,163.7
49.37,-121.493,7.7,14.9,-1.5,153.8
49.267,-121.233,4,14,-4.5,94
50.684,-121.934,5.2,14.8,-2.8,52.6
50.224,-121.582,5.5,14,-3.3,0
50.257,-121.608,,,,58.8
50.224,-121.582,5.6,14.5,-3.4,80.2
49.364,-120.069,3.6,12,-5,12.8
49.369,-120.022,0.7,11.5,-8.5,8
49.673,-120.333,1.7,11.5,-9.5,22.8
49.957,-119.378,2.8,12.8,-7.7,33
49.941,-119.4,3.6,13.2,-5.6,23
49.95,-119.4,3.6,13.2,-5.5,29.2
50.113,-120.778,3.2,13.8,-8.4,0.2
50.114,-120.801,3.9,13.5,-6.5,8.2
50.056,-119.445,3.7,11.5,-2.5,31.6
49.179,-119.545,6,15,-5,6
49.028,-119.441,5.4,12.8,-5.5,10.1
49.783,-119.717,4.6,12.5,-2,35.8
49.463,-119.602,4.6,13,-5.1,18.6
49.468,-120.513,1.3,8.5,-8.5,30.8
50.264,-119.31,3,12.5,-4,38
50.223,-119.194,2.1,12,-5.4,30.6
50.344,-119.27,2.2,9.5,-4,49
50.359,-119.056,-2.3,4.5,-10,51
50.037,-119.415,3.4,11.5,-3,28.6
49.465,-120.51,0.7,8.7,-9,20
49.563,-119.649,4,12.9,-4.3,18
49.004,-118.772,2.5,12.5,-8,30.6
49.017,-118.228,2.5,11.5,-6,30.4
49.296,-117.633,3,12.2,-7.3,62.9
49.343,-117.774,4,12.5,-3,30.6
49.097,-116.518,3.4,12,-6,76.2
50.239,-116.972,1.6,8,-8.5,82.7
49.872,-118.068,1.9,9,-6,52.2
49.913,-116.921,3,9,-7,94.9
49.032,-116.458,2.8,10.5,-7.5,53.8
50.269,-117.817,2.2,9.9,-5.9,81.1
49.586,-117.206,3.4,10,-4.5,92.4
49.996,-117.37,2.7,9.5,-5,72.8
49.491,-117.305,3.6,12.4,-4.8,62.9
49.112,-117.739,3.3,11.4,-6.4,130.3
49.082,-116.501,3.3,11.7,-5.1,63.5
49.512,-117.399,2.1,10.5,-6,89.2
49.226,-115.221,0.5,12.5,-12.5,0.8
49.612,-115.782,0.4,10.9,-13.7,20.2
49.618,-115.789,0.5,10.7,-13.8,16.2
49.489,-115.073,1.2,13.5,-13,78
50.149,-114.855,-5.4,8.5,-23.2,20.4
49.524,-115.461,0.8,13,-12.5,9.3
49.631,-115.962,-0.5,10,-13,13
50.631,-116.061,0.9,9,-9.5,13
49.745,-114.883,-0.2,11,-16,38.8
49.745,-114.884,-0.5,10.8,-16.2,0
49.473,-115.46,1.8,12,-10.5,17.4
49.807,-115.631,1.3,11,-11.5,19.8
50.708,-121.281,4.6,13.5,-4.2,24.6
52.129,-119.29,-0.9,8.4,-13.8,65.8
52.129,-119.29,-0.4,10.3,-12.6,0.2
51.709,-121.083,-0.4,9.5,-15,51.6
51.653,-120.082,1.3,11,-8.3,48
51.145,-121.505,0.5,9.4,-11.6,24.5
51.266,-121.685,-0.3,10.5,-10.2,13.4
51.03,-120.728,-0.2,11,-16,26
51.297,-120.183,2.1,12,-4.5,38.4
50.703,-120.449,4,15.1,-4.5,27.6
50.702,-120.442,4.1,14.8,-4.3,24.5
51.681,-121.217,-0.6,10,-12,50.6
50.935,-120.8,1.2,10,-12,35.7
50.545,-119.35,1.7,9,-7,48.6
50.903,-119.911,-4.6,3,-11,6
51.576,-119.778,1.7,10,-8,22.4
50.6,-120.2,2.3,11,-4.5,35
50.703,-119.291,2.3,11.5,-4.9,41.1
50.887,-119.882,-1.8,7.5,-13.5,4
50.902,-119.918,-4.1,2.5,-12,37
51.299,-116.982,-0.7,9,-12.5,23.4
51.63,-118.425,-0.5,7,-9,103
52.053,-118.585,-0.1,5.5,-8,125.5
50.967,-118.183,0.9,9.8,-7.2,87.1
50.958,-118.176,1,10.1,-7.4,91.8
51.443,-116.345,-4.3,5,-22.9,59
51.433,-116.541,-1.9,15.5,-16,30.5
51.356,-116.337,-5,5,-23,62
56.298,-121.017,-8,12,-30,23
55.687,-121.627,-5.9,11.7,-28.1,43.9
55.742,-120.183,-8.6,11.1,-29.2,9.6
56.238,-120.74,-9.6,9.7,-29.2,37.6
55.299,-123.133,-6.1,7.3,-24.5,38
55.305,-123.138,-5.8,7.5,-23.8,49.1
57.25,-122.718,-8,11,-34.2,68
58.422,-130.031,-11.2,5.7,-34.7,15.2
58.836,-122.597,-14.7,11.7,-37.5,36
58.841,-122.573,-13.7,11.5,-35.5,33.5
58.426,-130.026,-11.3,5.7,-34.8,9.7
59.567,-133.7,-8.8,7.5,-31,9.8
59.45,-136.367,-4.4,5,-22,71.4
62.41,-140.868,-20,21,-46,0
61.371,-139.04,-15.9,9.4,-42.9,0
61.367,-139.05,-15.7,11,-43.5,0.2
61.367,-139.017,-16.2,9.7,-43.7,0.4
62.115,-136.192,-17.1,10.6,-43.5,5.8
64.043,-139.128,-20.7,3,-47.1,15.8
62.207,-133.373,-16.2,6.8,-44.8,4.4
62.208,-133.376,-16.4,6.8,-44.8,5.2
60.773,-137.58,-12.6,10.1,-38.9,6.8
69.164,-140.15,-21.3,-2.3,-40.2,1.3
69.612,-140.197,-19.2,-0.2,-37.8,
63.244,-130.037,-17.1,2.4,-40.9,12.2
68.801,-140.848,-27.3,-5.6,-42.3,
63.616,-135.868,-18.5,4.8,-48.2,8.6
60.876,-135.183,-14.2,9,-43.5,6
67.571,-139.839,-18.7,19.9,-46.6,9
67.571,-139.839,-24.5,-2,-49.7,7.3
66.981,-136.218,-16.9,0.5,-35.6,1.4
68.95,-137.217,-18.6,-1.3,-37.5,
64.05,-139.133,-20.8,3.5,-47.1,18.1
60.167,-132.733,-12.2,6.5,-35.8,5.8
60.118,-128.822,-16.2,7.1,-40.4,13.8
60.709,-135.067,-12.4,7.8,-36.7,
60.733,-135.098,-12,8.1,-35.6,3.4
70.167,-124.717,-25.7,-6.8,-37,
67.021,-126.123,-24.5,-2.7,-39.8,17.9
65.209,-123.433,-22.3,-1.9,-39.8,
61.257,-124.468,-18.4,7.8,-44.4,
66.242,-128.644,-21.9,1,-39.2,
60.233,-123.467,-15.7,12.5,-35.8,
61.317,-117.602,-21.2,1.1,-38,
62.711,-109.168,-28.6,-8,-41.7,13.7
61.76,-121.237,-20.8,-0.4,-38.8,27.3
61.76,-121.237,-20.8,-0.9,-38.5,39
60.02,-111.962,-23.1,-4.8,-38.1,12.2
60.026,-111.929,-22.8,-4.7,-37.5,11.1
63.6,-105.133,-31.2,-11.6,-42.5,2.1
60.84,-115.783,-21.4,-2.5,-39,13.4
60.839,-115.777,-21,-2.3,-37.6,28.8
61.92,-113.726,-24.6,-5.7,-36.1,7.9
68.317,-133.517,-20.1,-0.1,-36.5,6.6
63.134,-117.245,-25.8,-3.5,-39.6,
65.281,-126.799,-22.3,0.7,-45.1,11.6
65.288,-126.753,-21.8,0.6,-43.3,14.1
69.358,-124.083,-23.8,-6.5,-36.8,7.5
69.633,-135.444,-23,-5.7,-33.7,0
61.963,-127.209,-12.6,-0.6,-42.6,
64.112,-117.328,-24.7,-1.6,-38.6,
69.433,-133.017,-23.1,-2.4,-38,
62.463,-114.44,-25.9,-4.9,-41.5,13.8
62.45,-114.383,-26.1,-4.5,-42,9
61.242,-123.742,-17.9,11.4,-39.2,
69.604,-130.911,-23.7,-5.2,-38,
67.179,-130.228,-24.2,0.7,-43.8,
62.416,-110.69,-27.9,-6.9,-41.7,
61.125,-122.851,-24.4,-0.7,-37.3,2.9
68.746,-133.502,-21.3,-1.3,-37.5,3.2
61.094,-94.072,-31.5,-13.6,-39.1,23.1
64.317,-96,-33.5,-14.3,-40.3,2.5
64.299,-96.078,-33.1,-14.1,-40.4,6.8
66.838,-108.015,-26.7,-7.2,-40.2,10.7
67.817,-115.144,-27.3,-7.8,-41.7,5.3
67.817,-115.135,-27.4,-7.9,-41.7,4.4
64.193,-83.359,-34.1,-21.8,-43.7,3.2
64.333,-83.617,-33.9,-21.6,-42.6,5.2
61.1,-94.067,-31.7,-13.5,-39.3,12.4
68.636,-95.85,-34,-15.8,-40.7,3.1
68.636,-95.85,-34.2,-16,-40.9,1.6
68.318,-100.087,-32.7,-14.4,-39.1,
68.437,-89.726,-34.3,-20.7,-41.2,
68.538,-89.796,-34.7,-18.1,-45.2,4.2
62.811,-92.115,-33.6,-17.7,-40,10.9
56.537,-79.26,-29,-16.7,-35.8,1.4
68.817,-93.433,-37,-17.5,-46.5,
69.276,-119.219,-24.2,-5.9,-36.5,
65.755,-111.246,-26.7,-11.2,-41.8,12.8
82.5,-62.333,-29.4,-16.5,-41,14.5
82.5,-62.333,,,,17.6
72.993,-85.012,-35.1,-24.7,-42.3,0.7
63.34,-64.146,-25.6,-16.1,-32.9,
67.536,-63.789,-28.4,-19.1,-33.9,
67.547,-64.033,-31,-16.3,-39.9,7.6
67.547,-64.032,-31.1,-16.3,-39.4,3
69.108,-105.138,-35.6,-26.5,-41.2,1.2
69.108,-105.137,-29.3,-13.4,-39.6,3.4
69.108,-105.138,-31.7,-13.2,-41.1,4.3
64.231,-76.53,-28.6,-20.8,-35.8,5.1
64.23,-76.525,-28.5,-20.7,-35.5,9.7
66.65,-61.383,-27.7,-19,-34.1,
68.473,-66.815,-28.8,-20.3,-34.2,
69.036,-107.823,-30.4,-11.6,-40.6,
70.483,-68.517,-32.6,-20.5,-41.5,8.3
70.486,-68.517,-32.5,-20.6,-40.4,12.2
64.958,-63.578,-27.4,-15.4,-35.5,
68.65,-71.167,-32.6,-22,-41.5,
79.983,-85.933,-36.4,-18.9,-49.2,2.2
72.018,-94.198,-30.5,-18.5,-37,3.2
70.633,-100.267,-32.9,-14.7,-40.1,5.2
76.423,-82.902,-33.9,-22.1,-41.5,2.8
68.776,-81.244,-34.2,-19.9,-43.9,1
68.776,-81.243,-34.4,-20.1,-43.8,22.2
63.75,-68.55,-31.9,-18.1,-38.9,
63.747,-68.544,-32.1,-18,-39.6,5.1
63.75,-68.55,,,,17.5
78.792,-103.554,-38.2,-29.8,-42.9,
66.143,-65.711,-30.4,-11.9,-39.1,3.5
72.693,-77.958,-36.1,-28.9,-43.9,1.2
72.689,-77.969,-35.4,-28.1,-42.1,0
75.377,-105.715,-30.5,-19,-40,
74.717,-94.969,-33.4,-24.1,-40.7,4
74.716,-94.983,-33.2,-24.1,-40.7,10.4
61.6,-64.633,-25.3,-16.3,-31.3,
69.083,-79.033,-31.7,-20.1,-37.7,
73.766,-105.296,-32.1,-16.6,-41.5,0.5
81.161,-91.816,-33.5,-21.9,-43.3,1.6
69.547,-93.577,-35.1,-19.5,-44.3,4
65.879,-89.446,,,,0
74.139,-119.989,,-10.4,-40.1,
70.761,-117.8,-29.8,-15.5,-39.9,10.2
71.993,-125.254,-23.1,-13.8,-38,0.2
73.231,-119.538,-32.4,-10.8,-39.8,
76.238,-119.347,-32.2,-15.4,-43,0.8
54.283,-112.967,-13.6,6.4,-29.8,19.5
53.113,-111.181,-13.3,4.9,-32.4,19.6
52.315,-111.779,-11.2,6.1,-26.4,20
53.917,-112.279,-13.2,4.9,-29.5,12.9
52.582,-111.465,-11.8,5,-26.5,18
52.124,-110.101,-12.7,5,-27.7,25.1
53.167,-114.483,-8.3,12,-24,0
53.089,-114.441,-7.5,12.8,-24.2,21.4
53.997,-113.889,-11.1,8.5,-23,30
53.931,-113.922,-10.3,8.4,-27.1,26.5
52.334,-110.51,-12.9,4.8,-26.1,17.1
53.035,-112.814,-10.8,7.2,-26.5,12.7
52.95,-112.8,-18.5,6,-25,0
53.234,-114.654,-7.3,12,-26.5,34
51.937,-110.713,-12.7,4.9,-28.6,14.9
52.074,-111.449,-12.7,5,-30.7,16.2
52.733,-113.903,-9.2,10.5,-29.7,16.6
52.75,-113.95,-7.7,11.5,-28,19.4
52.183,-113.176,-8.6,9,-24,13.3
53.659,-110.588,-15.2,3,-31.8,18.9
52.517,-112.351,-10.7,6.5,-31,25
52.778,-110.433,-13.8,4.6,-31.6,18.8
53.572,-113.519,-8.9,8.3,-22.3,17
53.307,-113.606,-10.4,7.4,-28.5,11.6
53.573,-113.517,-9,8.1,-21.6,
53.667,-113.467,-10.5,8.3,-25.1,17.5
53.31,-113.579,-10.5,6.8,-28.4,22
53.668,-113.856,-9.4,8.2,-26,9.9
53.548,-114.108,-8.3,10,-21.5,24.2
53.417,-113.75,-9.2,10,-26.5,28.9
53.683,-112.868,-10.7,9.4,-28.4,24.9
52.967,-111,-14,5.5,-30,24.7
52.744,-112.858,-10.6,6,-29.4,14.8
52.467,-112.12,-9,8.5,-25,27.2
52.548,-112.123,-11.1,6.4,-26.5,14.7
53.717,-113.183,-7.6,8,-25,21.6
53.071,-110.621,-13.3,4.5,-29.4,20
53.833,-114.539,-7.9,10,-21.8,
52.116,-112.164,-14,5.4,-30,8.4
51.78,-111.212,-12.2,5.3,-30.8,10.7
53.185,-112.246,-11.9,6.6,-27.6,
52.578,-110.784,-12.7,4.6,-27.6,14.4
52.848,-111.872,-12,5.1,-27.6,29.5
52.29,-111.113,-12.3,5.9,-30,18
53.353,-110.416,-13.3,3.6,-24.1,2.9
54.003,-113.474,-11.8,4.3,-23.1,1.4
53.943,-110.579,-14.7,5.9,-32.7,17.4
53.309,-110.073,-13.9,4.5,-27.3,8.7
53.309,-110.073,-14.2,4.4,-27.3,28.6
53.083,-112.267,,,,24
53.456,-111.255,-13.1,5.7,-27.6,19.1
52.017,-110.55,,,,19.4
53.567,-112.3,-11.3,5.3,-24.8,25.3
53.72,-111.114,-14.1,6.5,-34.5,13.8
53.262,-113.165,-10.5,6.8,-25,20.6
53.65,-113.35,-10.1,8.3,-26.8,
53.995,-112.879,-12.2,7.4,-28.8,
53.425,-111.726,-12.8,4.4,-27,26
52.587,-110.343,-13.1,5.1,-28.4,23.8
53.019,-110.102,-14.3,4,-28.6,12.7
52.421,-114.912,-8.5,11.8,-29.2,16
52.78,-112.428,-11.1,6,-26.4,13.3
54.282,-111.453,-13.2,7.1,-28.7,14.2
54.011,-111.272,-15,6,-31.1,17.3
51.59,-110.755,-12.5,4.6,-30,5.6
53.333,-112.539,-11.6,7.4,-28.4,23.8
54.278,-112.499,-12.5,7.2,-25.7,22.2
51.816,-111.683,-11.6,5.7,-29.5,8.2
52.347,-112.596,-10.3,6.2,-24.8,18.2
53.217,-113.895,-9.5,8.7,-26.7,6.2
53.439,-114.718,-8,11.6,-22.6,33.8
53.664,-110.081,-15.1,5.7,-34.2,17.6
53.5,-113.033,,,,41.9
53.625,-111.678,-11.9,4.1,-24.1,13.7
53.344,-110.882,-13.5,4.2,-31.8,18
53.182,-111.732,-12.3,4.9,-26.8,16.4
53.283,-111.767,-13.4,6.5,-28.5,27
54.13,-111.921,-13.3,7.3,-31.7,14.3
53.144,-115.126,-6.9,12.6,-23.7,
53.505,-112.098,-12.7,5.4,-30.4,68.4
52.98,-113.444,-10.3,8.3,-29.6,11.2
53.547,-114.108,-8.6,9.9,-21.7,25.5
51.67,-110.206,-12,6.1,-28.1,13.5
53.517,-113.533,-8.5,10,-21,39.6
52.829,-111.096,-13.2,4.6,-28,14.4
51.066,-110.317,-11.2,7.7,-29.6,12.4
50.81,-111.006,-9.4,7.2,-28,6.1
51.379,-113.357,-8.2,10.3,-28,4.4
51.998,-112.803,-9.4,7.6,-25.7,32.3
51.775,-112.252,-10.3,7.3,-26.1,5
51.767,-112.283,-10.3,8.5,-26,25.9
51.445,-112.677,-8.9,10.6,-28.7,
52.31,-114.486,-9,12.6,-29.2,15.3
51.183,-112.5,-8.2,12.6,-20.9,4.3
52.449,-113.756,-9,11.6,-27.5,18.5
52.553,-114.473,-9.6,8.5,-30,12.4
51.619,-113.656,-8.7,10.3,-31.7,18.4
51.66,-112.675,-9.7,6.8,-25.5,10
51.759,-114.085,-7.5,10.5,-22.1,5.9
51.383,-110.35,-11.6,5.5,-25.8,7.7
51.125,-111.705,-10.7,7.2,-31.9,5.1
52.433,-113.6,-8.7,9.1,-22.4,4.3
52.182,-113.894,-9.2,8.5,-30.4,20
50.307,-110.091,-8.1,10.2,-27.1,13
51.425,-110.146,-12.3,4.5,-31,14
51.768,-113.206,-9.3,8.6,-31,9.3
51.778,-114.683,-7.1,13.7,-28,10.2
51.936,-113.591,-8.3,9.1,-27.5,3.6
50.512,-114.013,-4,16.2,-20.5,7.3
49.8,-112.3,-3.7,16.8,-22.1,4.9
50.026,-113.224,-4.2,16.3,-23.7,4.3
50.893,-112.465,-8.4,9.9,-29.7,3.6
50.707,-114.152,-4.9,16.3,-24.1,2.8
49.567,-113.05,-2.9,14.9,-22.4,2.9
49.734,-111.45,-4.8,14.8,-23.7,9.7
49.867,-111.383,-4.9,14.8,-22.2,11.6
49.617,-113.817,-2.2,14.5,-21,7.8
50.555,-111.849,-8.1,9.6,-29.6,5.7
51.123,-114.013,-4.6,14.9,-19.8,8
51.109,-114.014,-4.9,14.5,-20.7,4.6
49.201,-113.286,-1.5,15.8,-21,20.8
49.001,-113.376,-2.3,16,-18.7,19.1
50.282,-113.35,-4.7,17.9,-23.4,3.9
50.004,-113.639,-3.4,17,-24.7,7.8
51.076,-114.222,-4.7,13.7,-18.9,5.6
50.183,-112.433,-5,15.4,-21.8,4.8
49.553,-111.054,-5.8,17.1,-26.4,8.3
49.8,-112.033,-3.7,16.3,-18.9,8.4
49.483,-111.486,-4.8,15.4,-25.1,4.5
49.786,-113.379,-2.6,16.2,-22.3,2.6
50.934,-112.941,-7.2,11,-22.7,3.1
49.874,-111.733,-4.8,17.2,-26,8.7
49.9,-112.733,-3.4,16.1,-19.8,4.5
49.989,-110.261,-6.2,12.4,-26.2,12
49.63,-112.799,-3.2,16.1,-24.7,0
49.695,-112.768,-2.5,17.1,-23.3,2.8
49.7,-112.783,,,,0.8
49.683,-112.75,-2.8,16.3,-23.2,2.8
50.019,-110.721,-5.9,13.7,-25.5,4.2
50.025,-110.717,-6,14.9,-27.2,9.3
50.673,-113.349,-6.3,13.7,-24.8,3.4
51.369,-114.099,-5.3,14.4,-21.9,2.9
49.521,-113.997,-2.4,13.5,-22.7,6.8
49.522,-114.005,-2.5,13.4,-22.9,17.3
50.606,-112.983,-6.4,15,-24.5,1
50.598,-112.803,,,,4.1
49.483,-112.683,-2.8,16,-22.6,3.6
50.265,-111.701,-6.6,12.5,-28.2,4.2
50.833,-112.05,-10,9.5,-31.2,7.1
49.917,-110.917,-5.6,14.9,-23.6,8.8
51.228,-112.982,-7.1,10.1,-20.9,15.7
50.183,-113.883,-3,15.1,-18.5,11.3
51.033,-113.283,-7,10.6,-23.5,3.8
49.792,-112.124,-6.4,16.5,-20,4
50.304,-112.863,-4.9,16.8,-21.6,1.9
50.05,-112.133,-5,17,-21.7,8.8
51.269,-114.721,-5,14.5,-22.5,13.8
49.5,-112.117,-3.6,14.7,-21.1,5
50.729,-113.961,-4.7,16,-22,11.5
49.05,-112.817,-2.7,15.4,-20.2,8
49.364,-110.678,-6.3,14.5,-28.6,10.7
49.137,-111.652,-3.3,16.7,-23.3,5.8
49.133,-112.05,-3.8,17.2,-23.9,10.4
49.117,-110.467,-6,13,-26.3,4.4
49.225,-111.126,-4.4,14.8,-25,5.8
51.193,-115.552,-2.5,9.9,-21.2,21.8
49.468,-114.175,-2.3,12,-23.8,16.2
51.083,-115.067,-3.4,13.5,-24.3,22.7
49.628,-114.482,-2.2,11.3,-20.8,0
52.926,-118.03,-4.2,10,-21.6,25.1
51.028,-115.035,-2.8,14,-21,24.4
50.713,-115.12,-4.8,9,-20,9
52.492,-116.04,-5.4,13.5,-22.4,30
50.368,-114.416,-4.5,11.3,-25.3,22.2
49.131,-113.809,-2.2,13.8,-25.9,31.1
50.943,-115.19,-6.1,5.3,-18.7,
54.635,-113.382,-10.8,8.1,-26.4,19.1
54.782,-112.825,-12.6,7.1,-32.8,19.7
54.095,-114.448,-9.6,11.3,-26.9,19.1
53.35,-117.867,-6.3,12,-23.5,23.2
54.131,-111.678,-9.2,12.4,-29.8,19
54.317,-113.95,-11.8,6.9,-31,15.7
53.579,-116.465,-8.3,9,-26,14.1
53.58,-116.453,-7.6,12.9,-28.2,28.2
53.6,-114.983,-5,14,-25,33
53.573,-115.124,-7.8,11.8,-25.2,25.3
54.41,-114.769,-9.2,12.2,-26.5,19.5
56.651,-111.213,-17.6,2.9,-39.6,25.5
56.653,-111.223,-18.2,-2.8,-38.5,19.8
53.795,-118.447,-7.7,9.4,-27.9,28.5
55.396,-116.479,-9.9,8.3,-27.5,14.5
54.821,-113.543,-11.5,7.1,-30.7,24.6
54.769,-112.024,-13.2,8.1,-30,24.1
57.041,-111.559,-16.7,2.9,-36,29.2
54.5,-111.7,-14.3,6.8,-32.4,16.1
55.293,-114.777,-10.7,7.7,-25,18
55.293,-114.777,-11,7,-25.5,14.6
54.3,-113.52,-11.3,6.4,-25.6,16.8
54.14,-115.784,-8.2,12.3,-23,
54.144,-115.787,-8.6,11.6,-24,
53.386,-118.348,-6.7,9.4,-26.5,25.3
55.197,-119.396,-8,10.4,-27.1,37.9
56.118,-117.886,-10.6,6.8,-24.4,15.9
55.808,-117.887,-10.6,7.5,-26.9,16.4
58.981,-110.439,-22.8,-4.5,-39,
56.081,-118.439,-10.9,6.8,-27,20.4
58.767,-111.117,-22.5,-3,-40.3,12.9
58.767,-111.117,-22.8,-3.2,-40.8,44
58.382,-116.04,-17.8,3.1,-34.4,28.9
55.18,-118.885,-9.7,7.8,-30.5,26.4
57.265,-117.298,-14.8,7.2,-35.9,18.4
58.622,-117.165,-17.9,4.3,-37,23.1
58.621,-117.165,-18.6,4.4,-38,37.8
55.913,-117.12,-10.7,6,-26.2,14.8
58.172,-116.343,-18.2,2.9,-36.1,19
55.422,-119.255,-8.4,7.5,-28.9,
56.974,-117.451,-14.9,6.9,-31.3,3.9
56.314,-119.745,-10,7.7,-30.4,36.5
56.227,-117.448,-11.5,6.5,-29.3,26.2
55.621,-118.293,-7,10.5,-31.2,11.8
56.552,-115.278,-13.5,10,-33.5,46.3
55.777,-118.668,-10.2,8.5,-27.7,21.6
56.076,-119.345,-9.8,8.6,-25.2,40.2
54.425,-117.741,-6.9,13,-29,16
55.695,-119.23,-8,11.7,-24.6,53.1
55.352,-118.408,-10.3,5.7,-31.1,15.1
55.098,-117.199,-8.4,9,-27.8,20.7
58.711,-113.866,-20.1,2.1,-39.4,
54.417,-110.283,-14.6,7,-30.9,30.3
54.367,-110.868,-14.8,6.6,-35.5,14.7
50.201,-104.71,-16.1,0.5,-34,13.6
50.368,-102.571,-17.8,-0.9,-33.8,17.7
50.55,-105.383,-15.7,1.5,-32,0
50.85,-104.267,-18.4,-3,-36,32.5
51.183,-104.867,-16.4,-1,-30,24.7
49.217,-102.967,-14.6,3.4,-27.2,8.2
49.21,-102.966,-16,0.2,-36.2,22.4
49.217,-102.967,-15.3,4,-35.8,16.5
50.55,-103.65,-17.4,-1.1,-32.3,13.1
51.257,-103.753,-18.7,-1,-34,28
50.2,-102.733,-17,-1.4,-32.8,18
50.9,-101.717,-19.5,0.5,-36,16.6
51.417,-105.25,-17.6,0.6,-36.3,16.3
52,-104.633,-19,1,-36.5,30
51.152,-103.889,-17.9,-0.5,-31,28.8
49.233,-103.233,,,,19
50.332,-105.538,-14.3,3.7,-32.9,
50.341,-105.551,,,,25.7
52.333,-105,-19.6,1,-33,35
49.317,-102.117,-17.4,-0.5,-35.5,18.5
50.567,-103.983,-16.2,0,-30,27.4
50.408,-104.582,,,,28.7
50.451,-104.667,,,,18.8
50.567,-104.833,,,,6
50.433,-104.667,-16.6,-0.1,-34.3,14.1
51.667,-105.4,-17.5,0.4,-35.4,11.1
49.817,-104.183,-14.5,1,-33,35
51.265,-102.464,-19.3,-0.6,-33.3,14.4
51.265,-102.462,-19.2,-0.3,-33.2,5.9
51.2,-102.233,-20.1,-1,-36,28
51.767,-104.2,-18.2,-0.4,-32.3,15
49.7,-103.8,-15.9,0.2,-33.8,14.4
49.729,-105.946,-12.4,6.5,-29.8,10.3
50.832,-107.311,-13.4,3,-34,18.9
51.133,-106.583,-15.8,1.8,-32.2,28.7
51.167,-106.55,-15.1,4.5,-33,21.7
50.95,-107.15,-14.6,2,-31.3,14.6
49.903,-109.466,-7.3,13.2,-30.4,14.6
51.154,-107.263,-14.4,2,-30.5,27.8
50.6,-107.8,-11.1,5,-29,14
50.292,-107.691,-11.8,6.2,-27.4,3.1
50.267,-107.733,-11.1,6.5,-26.4,12.9
50.909,-109.501,-11.6,6,-30.2,12.4
49.133,-109.1,-6.4,8,-23.5,10.6
49.117,-105.517,-12.3,8.5,-34,25.7
49.05,-105.483,-11.3,7.7,-33.3,10.7
49.641,-109.514,-7.7,11.2,-24.9,47.3
49.438,-108.989,-8.5,8.9,-28.4,10.2
49.099,-107.024,-9.6,7.2,-31.4,
49.168,-105.979,-11,6.6,-28.9,15.3
49.058,-107.586,-8.5,9.4,-35.3,5.4
51.294,-108.407,-14.2,3,-29.5,23.4
53.45,-109.2,-16.7,6,-37.5,27.4
51.515,-109.181,-13.9,2.8,-31.1,13.2
52.772,-108.256,-16.5,3.7,-33.2,42
52.769,-108.244,-16.7,1.9,-32.7,0.8
51.567,-107.917,-15.4,2.5,-32,17.4
52.36,-108.835,-15.7,2.9,-33.7,21.7
53.131,-109.405,-15,3.6,-29.9,37.7
52.817,-104.6,-19.3,0,-35.3,13
51.483,-107.05,-14.9,2.9,-34,18.3
52.417,-105.15,-19.2,0,-36.6,14.7
53.214,-105.673,-19.5,1.7,-41.1,21.4
52.174,-106.719,-17.4,1.5,-35.3,16.5
54.335,-109.626,-17.7,6,-37,32
55.841,-108.421,-18.9,-0.8,-36.1,
58.083,-104.483,-26.4,-7,-39,10
58.229,-103.678,-25.8,-6.2,-42.5,9.1
58.183,-103.7,-26.5,-8.2,-38.5,13.8
55.533,-102.35,-23.1,-2.1,-39.4,11.5
54.908,-109.962,-15.9,5.4,-33,20.5
57.25,-105.6,-26,-4,-43.7,9.8
57.25,-105.617,-24.6,-4,-42.5,10.4
57.256,-105.618,-25.5,-7.3,-41.3,7.1
55.146,-105.27,-20.5,-1.7,-36.6,54
55.151,-105.267,-20.9,-1.8,-37.2,13.8
54.02,-109.138,-16.2,6,-35.1,28.8
54.125,-108.05,-18.6,3,-38,
56.333,-103.283,-23.3,-2.7,-39.4,9.3
53.367,-107.55,-17.5,2.4,-37.1,21.5
59.25,-105.841,-27.5,-9.2,-40.5,3.2
53.917,-106.067,-18.5,-0.7,-31.8,17.7
54.133,-108.517,-17.7,3.3,-39.1,18.5
59.567,-108.483,-25.9,-6.6,-41.6,11.6
53.333,-104.008,-21.1,-7.5,-39.7,6.9
53.333,-104,-20.6,1.2,-39.6,9.7
52.817,-102.317,-20.4,0.8,-37.7,22.2
52.583,-103.833,-19.7,-0.5,-35,24
52.083,-101.867,-19.2,22,-38.5,28.8
51.733,-101.9,-19.8,-0.5,-36.5,20
49.276,-99.292,-17.2,-2,-33.5,24.5
49.3,-99.45,,,,30
49.91,-99.952,-19.8,-1,-37.1,15.6
49.9,-99.95,-19.4,-0.6,-36.2,10.5
49.906,-99.357,-19.8,-0.9,-36.2,8.2
49.562,-99.074,-18.7,-0.7,-34.7,12.3
49.927,-101.203,-17.7,-1,-35,11.8
49.983,-98.3,,,,12.9
49.95,-98.267,,,,13.1
49.903,-98.284,-17.9,-0.9,-30.4,9
51.183,-101.363,-21,-1.4,-37.6,21.2
49.45,-99.017,-17.4,-1,-34.5,13.2
50.455,-100.604,-20.7,-1.9,-35.9,
49.842,-100.934,-17.4,0,-34,27
50.655,-99.942,-20.5,-0.7,-39.4,17.9
49.281,-100.986,-17.4,-0.5,-34.3,11.3
51.267,-101.4,,,,19.6
50.108,-100.179,,,,18.3
50.75,-100.817,,,,26
49.4,-98.319,-17.3,-0.7,-30.2,5
49,-97.238,-19,-2.5,-32.1,2.9
49.031,-97.56,-17.8,-1.8,-33.9,6.9
49.606,-98.875,,,,2
49.518,-96.901,-18.5,-3,-33.1,12.1
50.013,-97.807,-18.3,-1.5,-32,11.4
49.45,-98.25,-16.2,-0.5,-30,18.4
49.188,-98.084,-16.8,-0.3,-30.7,11.7
49.933,-96.85,,,,16.5
49.191,-98.905,-18.9,-1.5,-34.6,13
49.65,-98.367,,,,15.8
49.353,-96.035,,,,43
49.133,-97.95,,,,11
49.024,-95.598,-18.6,-3.4,-38.7,16.8
50.117,-97.167,-17.8,14,-32,19
49.85,-97.273,,,,16.2
49.888,-97.129,-17.7,-2.5,-29.7,9.4
49.498,-98.03,-17.8,-1.4,-32.3,10.6
49.917,-97.249,-19.2,-3.1,-33.5,8.7
50.933,-97.083,-20.2,-3,-36,24.2
52.36,-97.022,-23.3,-5.1,-38.6,16
52.819,-97.616,-22.9,-4.9,-34.9,
51.083,-97.555,-20.9,-2.2,-37.1,16.3
50.631,-96.982,-19.3,-2.1,-32.2,
50.633,-97.05,-20.2,-2.2,-35.2,16
53.158,-99.283,-20.2,-5.5,-35,20.2
50.522,-95.977,-20.4,-4,-36.1,23.5
51.211,-97.568,-20,-2,-38,9
49.624,-95.197,-19.2,-4.5,-37.5,21
53.186,-99.268,-21.4,-1.3,-37.2,22.5
50.148,-95.89,,,,38
49.85,-95.533,-21.5,-4.5,-39,16.8
50.7,-96.567,-19.5,-3.5,-33.2,
50.177,-96.065,-20.1,-3.4,-36.9,37.2
50.05,-98.7,,,,5
51.1,-100.057,-19.4,0.2,-36.1,12.5
51.101,-100.053,-19.4,0.3,-36,3.3
51.1,-100.467,-20.3,-0.1,-38.5,19.7
52.033,-100.65,-18.5,1,-39,33.3
52.666,-101.098,-18.9,0,-36,30
50.712,-99.53,-18.1,1.8,-39.5,13.3
50.499,-98.037,-19.8,-2.8,-32.4,11.7
52.115,-101.233,-20.5,1,-37.2,16
54.683,-101.683,-22.3,-1.3,-37.5,
54.767,-101.883,-21.6,-1.5,-34,21
53.971,-101.091,-21.6,-1.1,-36.2,19.2
53.967,-101.1,-21.5,-1.1,-35.5,15.5
58.739,-94.066,-27.9,-11.5,-37.9,5.2
58.733,-94.067,-28,-11.9,-38.1,5.9
54.533,-98.033,-22.7,-5.1,-36.9,7
56.358,-94.411,-26.7,-5.9,-37.7,7.1
53.857,-94.654,-24.6,-6.1,-37,15.2
56.038,-96.51,-25.7,-5.9,-40.9,7.6
56.864,-101.076,-24.9,-7,-41.3,15.9
56.85,-101.067,-25.2,-7.1,-42.4,6
53.958,-97.844,-23.8,-4.7,-38.3,7.2
58.706,-98.512,-27.4,-10,-40.2,2.4
58.716,-98.502,-27.9,-10.4,-42.1,7.8
55.805,-97.863,-25.2,-6.1,-40.6,8.8
52.928,-82.432,-26.6,-7.3,-38.9,1.9
53.818,-89.897,-25.7,-9.1,-37.2,3.7
53.816,-89.892,-25.9,-9.1,-38.2,10.1
50.631,-93.221,-20.7,-4.8,-35.8,22.3
56.019,-87.676,-26.7,-8.4,-39.3,0.3
52.196,-87.936,-25.2,-6.6,-41.6,13.2
53.441,-91.763,-25.6,-7.8,-41,4.2
54.983,-85.433,-27.7,-9.8,-42.2,8
51.449,-90.218,-23.3,-6.7,-35.6,15
51.446,-90.214,-23.2,-6.7,-36.3,
51.067,-93.793,-21.9,-5.1,-36,
53.064,-93.344,-24,-7.4,-38.1,1
48.633,-93.967,-19.4,-7,-39,10.6
48.761,-91.628,-21.7,-4.5,-39.3,24.7
48.651,-93.439,-19.8,-3.1,-39.3,27.5
48.76,-92.623,-21,-3.5,-38,33.5
49.828,-92.744,-20.6,-4.2,-34.3,22.2
49.791,-94.378,-19.8,-6.3,-34.5,16.9
49.788,-94.363,-19.8,-6.4,-34.2,36.8
50.114,-91.908,-22.3,-4.3,-40.2,45
50.294,-88.905,-24.4,-4.2,-44,20
49.154,-88.345,-20.7,-5.4,-33.4,33.2
47.333,-85.833,-12.9,-1.3,-24.1,
49.783,-86.931,-24.4,-11.4,-38.9,9.8
49.779,-86.939,-24,-5.8,-41.2,8.2
48.608,-86.287,-21,-6.1,-38.9,39.5
48.372,-89.322,-20.1,-4.3,-37.2,0.2
48.414,-89.278,-18.5,-3,-35,25.3
48.369,-89.327,-19.6,-3.9,-37.4,22.9
49.033,-90.467,-21.9,-5.7,-37.6,25.3
48.369,-89.119,-17.4,-2.9,-28.9,
49.69,-88.306,-22.9,-5.1,-36.8,115.6
48.367,-89.317,,,,29.7
47.723,-84.814,-21.5,-4.8,-41,37
46.485,-84.51,-18.3,-3.3,-35.7,36.9
47.967,-84.786,-20.4,-3.9,-37.7,
45.967,-81.483,-15.4,-3,-29.1,
47.82,-83.347,-21.8,-5.2,-39.8,23.6
46.193,-82.025,-17.8,-3.5,-38.5,52.4
46.632,-80.796,-19.3,-6.4,-34.5,31.2
46.626,-80.798,-19.3,-6,-32.2,25.4
49.383,-82.124,-23.7,-2.5,-40,16.7
47.695,-79.849,-21.7,-3.6,-37.3,5.2
47.695,-79.849,-21.7,-3.6,-37.7,21.1
49.412,-82.468,-23.1,-3.5,-38.8,13.5
49.406,-82.444,-24,-4.1,-41.4,11.9
48.15,-80,-22.5,-3.8,-39.1,16.3
51.291,-80.608,-25,-5.5,-39.3,0.9
51.267,-80.65,-24.2,-4.5,-38,17.1
51.292,-80.618,-24.8,-4.9,-37.6,33.2
49.747,-84.164,-23.5,-4.1,-37.6,16.9
51.659,-85.901,-24.1,-5,-36.1,4
48.557,-81.39,-23,-4,-40.8,17.3
48.571,-81.377,-23,-3.6,-40.6,
45.533,-78.267,-18.7,-4.5,-35.8,32
46.364,-79.424,-19.2,-6.3,-35.2,3.8
45.883,-82.567,-16.4,-2.8,-33.8,12
45.633,-82.95,-13,-1.6,-27.4,
45.69,-81.982,-16.4,-3,-34,98
45.186,-76.113,-16.1,-3,-29,38
44.635,-75.748,-15.9,-2.1,-30.9,31.9
44.6,-75.667,-14.7,-1,-27,66.1
46.05,-77.367,-16.9,-3.5,-29.5,15.4
45.016,-74.749,-14.4,-2,-25,103
45.032,-76.253,-15.9,-2.5,-29.5,52.4
44.428,-76.69,-14.2,-2,-27.5,83
45,-75.633,-16.2,-2.8,-29.4,40.7
44.223,-76.599,-14.2,-0.4,-28.4,24.1
45.054,-76.784,-16.1,-3.5,-28.5,117.5
45.383,-75.717,-15.8,-3.3,-27.7,33.8
45.383,-75.717,-16.2,-3.4,-28,30
45.317,-75.667,-16.2,-3.5,-26.8,38
45.86,-77.252,-18,-2.9,-31.3,23.5
45.95,-77.317,-17.8,-3.4,-31.4,21.5
45.287,-75.064,-17.4,-3,-34.5,60
45.883,-77.25,-16.9,-3,-29.5,26.8
44.67,-80.777,,,,90.6
44.267,-79.319,-14.8,-1.5,-34.5,51.6
44.385,-79.736,-11.7,21,-32,39
45.14,-79.403,-17.9,-3.3,-36.5,30.1
44.631,-79.539,-14.9,-3,-29,70.6
44.5,-80.217,-12.7,-1.3,-29.1,19.2
44.547,-79.217,-15.8,-3.8,-33,
44.269,-80.712,-15.9,-3.5,-36,77.4
44.758,-79.875,-16,-3,-31,0
44.967,-79.3,,,,24.8
44.975,-79.303,-17.3,-3.1,-35.4,1.3
46.1,-79.521,,,,11
44.603,-79.439,-13.4,21.5,-28.5,64.2
45.344,-80.044,-17,-2.9,-34.8,35
45.354,-79.27,-16.4,-3,-33,54
44.399,-79.633,-14.9,-2.5,-30,52.9
44.483,-79.55,-16,-3.9,-31.7,32.6
45.425,-79.488,,,,36.7
44.551,-80.468,,,,63.4
44.263,-79.161,-13.7,18.5,-30.5,46
44.744,-81.109,-15.2,-2.6,-34.3,59.3
44.272,-79.912,-15.3,-2.2,-36,18
44.233,-79.783,-14.7,-2.8,-29.3,21.8
45.333,-81.733,-12.4,-1.3,-27,
43.767,-81.717,-12.9,0.5,-31.1,21.3
44.173,-81.623,-14,-4.5,-25.5,65.8
42.999,-82.309,-11.9,1.7,-28,2.4
43,-82.3,-12,1.8,-28.3,19.9
45.233,-81.633,-14.4,-2.2,-30.2,41.3
43.863,-81.152,,,,50.2
42.103,-83.094,-8.9,2.5,-24,32.8
42.39,-82.215,-14.4,-5,-26,2
42.867,-80.55,-13.6,0.8,-34.1,49.6
42.883,-78.967,-13.6,1,-27.5,93
43.184,-79.558,-11.1,0.5,-26.7,57.5
42.043,-82.674,-10.3,5,-24,29.5
42.567,-80.05,-11.1,3.6,-24.1,
42.514,-81.636,-11.9,1,-29,56
42.883,-79.25,-10.9,0,-26,80
43.25,-79.217,-9.7,0.6,-21.2,26.3
42.85,-79.767,-12.9,0.5,-33,41
42.45,-81.883,-13.4,2.7,-31.9,37.5
43.118,-79.248,,,,54.9
42.768,-81.205,-11.3,3.5,-32,73.5
42.861,-80.741,-12.6,2.5,-31.5,70.4
42.855,-80.722,,,,60
43.183,-79.4,-10.6,0.9,-23.1,30.7
42.967,-79.333,-13.1,0.1,-31.9,34.1
42.333,-82.933,-9.1,6.5,-23.5,47.8
42.276,-82.955,-11,4.4,-26.7,58.4
42.867,-79.25,-11.9,-0.2,-25.3,
42.25,-81.9,-10.9,4.8,-25.1,
41.949,-82.519,-11.3,6.2,-26.5,
43.133,-80.333,-14.2,0.8,-31.4,19.9
43.002,-81.033,,,,64.6
43.65,-80.417,-15.4,-2.9,-31.2,58.2
43.735,-80.33,-15,-2.5,-32,52.8
43.702,-80.379,-15.2,-2.5,-30,57.3
43.018,-80.781,-16.1,-6,-28,19.2
43.55,-80.217,-14.8,-2.1,-32.7,
43.803,-81.184,,,,58
43.461,-80.379,-14.8,-1.6,-34.1,7.5
43.033,-81.151,-13.6,0.4,-30.5,
43.033,-81.151,,,,46
43.033,-81.15,-13.1,0.5,-28.8,34.7
43.983,-80.75,-15.1,-3.4,-31.5,53.1
43.354,-80.474,-13.7,12,-32,60
43.369,-81.005,-14.9,-3,-32,37.3
42.981,-81.643,-13.9,2,-32.5,43.2
43.45,-80.383,,,,48.2
43.136,-80.771,-12.8,-1.5,-33,19
44.151,-77.395,-14.3,-2,-33,51.1
44.1,-78.833,-14.5,12,-31,57.2
43.3,-79.8,-11.1,0.6,-23.4,
44.403,-76.908,-14.8,-2.5,-29.5,58.6
43.95,-78.167,-12.1,-1.2,-24.7,45.2
43.967,-78.183,-11.1,-2,-20.5,10
43.64,-79.879,-16.3,-3.5,-32,5
43.174,-79.935,-13.6,-0.7,-29.1,55
43.292,-79.908,-12.1,0.4,-27.3,36
44.648,-77.117,-14.6,13.5,-28.5,64.9
43.513,-79.69,-12.7,-1,-27.8,32.2
43.918,-80.086,-15.6,-4,-34,68.5
43.923,-78.883,-14.1,-1.5,-26.2,23.3
43.867,-78.833,-10.9,13,-25,60.5
43.833,-77.15,-11.4,0.1,-23.9,31.3
44.032,-80.024,-15.4,-4.3,-29.6,39.9
44.293,-77.555,,,,6.5
43.667,-79.4,,,,41.6
43.667,-79.4,-11.1,-0.7,-25.1,31.9
43.628,-79.396,-10.9,-0.7,-24.9,3
43.677,-79.631,-12.6,-1.4,-25.5,31.2
43.697,-79.339,-11.1,-1,-25.5,44.6
44.117,-77.533,-13.8,-1.7,-26.9,73.3
44.098,-79.164,-14.8,-3.3,-28.8,29
44.052,-77.302,-12.7,0,-26.5,100.8
43.862,-79.37,-13.3,-1.8,-26.8,36.2
43.78,-79.468,-12.4,-1,-26.5,39.2
44.923,-77.885,-17.2,-4,-31.5,22.5
45.032,-78.531,-17.4,-3,-37.5,55.7
44.23,-78.363,-15.8,-2,-31,2
44.35,-78.3,-16,-3.6,-29.1,4.3
44.217,-78.95,,,,40.8
44.171,-78.501,,,,75.8
45.071,-77.879,-17.6,-4.1,-35.3,28.4
46.837,-71.197,,,,30.2
45.317,-74.167,-16.3,-3.5,-30,76.2
46.667,-71.917,-17.2,-4,-34,18
46.691,-71.972,-18.5,-1.8,-35.2,28.1
46.667,-72.6,-18.8,-4,-39,25
45.809,-73.435,-17.4,-4.4,-31,32
45.3,-74.05,-15.3,-3.5,-29,63.5
46.267,-73.017,-18.8,-3,-33,25.8
45.5,-74.067,-16.2,-5,-27,39.4
47.562,-71.229,-22.7,-8.5,-39.7,32.5
46.8,-71.383,,,,19.9
45.5,-74.367,-16.6,-4.5,-31.5,75.6
46.983,-71.833,-18.8,-6,-36.5,39.8
46.717,-72.083,-17.6,-4,-35,7
46.533,-73.15,-17.4,-4,-35,28
46.583,-72.233,-17.6,-5,-34,61.6
46.2,-73.6,-18.5,-4,-35,17
46.35,-73.35,-17.2,-4.5,-33,28.8
46.817,-71.917,-17,-5,-33,37.8
46.283,-73.75,-18.6,-3,-36,24
45.95,-73.583,-17.6,-4.5,-34,28.5
45.733,-73.883,,,-30,10
46.533,-72.433,-17.6,-4,-34,39.6
46.563,-72.733,-17.2,-4.2,-31.5,
46.35,-72.667,,,,27.1
46.354,-72.516,-16,-3.6,-28.6,22.8
46.367,-72.683,-18.5,-5.1,-35.3,16.3
46.9,-71.503,-19.7,-4.3,-38.1,20.5
46.867,-72.4,-18.6,-4,-36.5,26
46.183,-72.917,-16.5,-4.1,-30.3,
46.78,-71.288,-16.1,-4.9,-27.7,21.1
46.304,-72.061,-19,-4.5,-37.7,31.9
46.804,-71.382,-17.7,-4.8,-33.8,19.8
46.017,-71.95,-16.6,-4,-31,26.6
45.65,-73.733,-15.6,-5,-25,33.2
46.667,-71.167,-17.3,-3.5,-31,51.9
45.4,-72.267,-16.3,-4,-27,38
45.483,-71.95,-13.5,-5,-24,40.5
45.15,-71.8,-16,-2.6,-28.3,56.6
45.817,-71.983,-16.8,-2.5,-33,22
45.883,-72.483,-16.2,-3.5,-31,55
45.3,-72.9,-15.2,-1.5,-30.2,62.5
45.8,-73,-15.8,-3,-29,14.5
46.483,-72.05,-17.5,-4.5,-30.6,32
45.033,-72.85,-14.6,-2,-25.7,51.6
45.133,-72.233,-15.4,-1.5,-30.5,35
45.383,-72.717,-14.5,-3,-26,64.2
45.067,-73.717,-15,-1.5,-31,32
45.333,-73.25,-15.5,-7,-29,15.6
45.723,-73.377,-16,-3.3,-28.4,
45.6,-70.867,-8,-4.5,-25,16
45.383,-73.433,-16.7,-3.5,-30,36.2
46.333,-71.667,-16.8,-5,-28,26.2
46.817,-71.1,-19,-5,-29.5,46.5
45.369,-71.824,-16.4,-2.2,-32.7,32.6
45.633,-71.367,-16.8,-2,-34.5,70
45.267,-72.117,-14.2,-2.5,-28,27.5
45.4,-73.133,-15.2,-3,-27,46.5
45.506,-73.579,-14.2,-3.4,-23.9,
45.583,-71.117,-16.5,-3.5,-29,41
45.467,-73.75,-15.2,-3.6,-25.4,47.8
45.471,-73.741,-15.2,-3.6,-25.4,47.8
46.2,-72.617,-17.8,-5,-36,38.4
46.226,-72.657,-17.3,-4.4,-32.3,28.3
45.4,-71.083,-16.5,-4.5,-29,76
45.117,-74.05,-15.6,-1.5,-30.5,55
46.083,-72.833,-17.1,-2.5,-34,33.5
45.633,-72.133,-16.4,-3,-34,53
45.7,-73.5,-15.8,-3,-30,29.1
45.217,-73.2,-14.7,-1,-27,33.6
45.667,-73.3,,-3,-25,37
45.133,-74.35,-15.7,-2,-29,49.5
45.083,-73.383,-14.6,-1,-28,38.5
45.167,-73.679,-16.2,-2.3,-33.1,207.2
46.05,-70.517,-17.1,-3,-35,22
46.067,-70.967,-16.3,-4.5,-31,43.2
46.483,-71.567,-17.7,-4,-34,51
45.5,-73.85,-14.5,-3.5,-27,53.4
46.15,-70.7,-16.4,-2.5,-33.5,17.4
45.883,-72.767,-18.7,-4,-32,63
45.518,-73.417,-15.3,-3.4,-25.3,18.1
45.567,-72.917,-16,-2.5,-30,50.9
45.825,-72.537,-18.3,-4.1,-36.8,15.8
45.75,-70.683,-16.5,-1.7,-33.6,39.9
45.617,-73.133,-17.3,-3,-28,46.6
45.2,-71.5,-16.1,-3.5,-31.5,52.7
45.217,-73.85,-15.4,-3.5,-26.5,43.5
45.733,-72.617,-17.1,-3,-31,55
46.25,-71.217,-17.1,-5,-32.5,46.2
46.217,-70.5,-17.2,-2.5,-33.5,15.6
45.767,-70.95,-19.4,-4,-30,58
46.333,-71.05,-16.1,-5,-25.5,19.5
45.933,-70.483,-15.3,-4.5,-28,31.5
46.167,-72.333,-17.4,-4.5,-32.5,38.5
45.367,-71.533,-17,-3,-34.2,56.6
46.5,-71.083,-17.2,-4,-31.5,44.4
45.439,-71.691,-17.5,-3.2,-31.1,8.4
45.433,-71.683,,,,43
46.033,-73.117,-15.7,-3,-29,46.8
45.067,-72.683,-15.2,-2,-28,54.9
46.1,-71.35,-16.5,-5,-29,70
46.049,-71.266,-18,-5.6,-31,67.1
46.383,-70.933,-16.5,-2,-33,41.4
45.767,-73.367,-9.8,-1,-23,42.5
46.205,-70.785,-16.8,-3.9,-29.5,33
45.427,-73.929,-15.8,-3.4,-27.5,24.8
45.121,-74.289,-16.6,-1.4,-31.5,44.3
45.667,-71.733,-17.3,-4,-35,50
45.294,-73.349,-15.8,-3.2,-27.9,34.3
45.468,-73.742,-14.9,-3.3,-24,21
45.55,-75.55,-17.6,-4,-31.5,41
45.95,-74.617,-15.5,-4.5,-35,16.8
45.683,-76.433,-18.1,-3.5,-34.5,32.4
45.517,-75.783,-18.7,-4,-29,25.3
45.839,-75.648,-18.1,-4.1,-31,1.1
45.65,-74.333,-16.7,-4.2,-30.8,44
46.367,-74.767,-18,-3,-36,28.8
45.533,-76.05,-17.2,-4,-35.5,60.5
46.302,-76.006,,,,27.8
46.275,-75.992,-18.4,-4.9,-33.2,27
45.7,-74.933,-17.8,-3,-34,47
45.8,-74.983,-15.8,-4,-34,43
46.85,-75.333,-21.6,-4,-38,16
45.983,-74,-17.4,-5,-33,39.2
45.8,-74.05,-15.5,-5,-31,42
46.067,-76.05,-19,-4,-36.5,45
46.08,-74.556,-18.7,-3.5,-34.7,28
49.133,-68.2,-17.6,-5.6,-31.6,13.5
49.133,-68.204,-17.4,-5.6,-31.3,0
51.442,-57.186,-14.5,0.6,-29.3,77.4
50.163,-60.062,-14,-1.2,-26.8,
48.374,-70.535,-19.3,-2.3,-33.2,
47.284,-70.638,-20.8,-8,-32.7,30.5
46.967,-71.033,-16.4,-4,-30,36
50.465,-59.639,-16.8,0.4,-37.8,37.9
47.079,-70.781,-15.6,-4,-27.8,25.7
47.323,-71.148,-21.4,-7.9,-36.6,62.3
49.317,-67.617,-17.1,-4,-32,54.4
48.25,-69.517,-16.7,-4.5,-30,20
50.282,-63.611,-18.4,-3.3,-34.2,8.8
50.221,-64.207,-14.5,-3,-25.6,
48.069,-69.556,-14,-3.9,-24.9,
49.117,-68.383,,,-24,12.9
50.271,-64.226,,,,0
47.073,-70.907,,,,33.6
50.19,-61.789,-17.4,-1.3,-38.1,50.1
50.19,-61.811,-17.5,-1.3,-38.8,25.1
48.136,-69.716,-12.3,-2.1,-21.2,
48.26,-70.114,-17.9,-3.6,-28.9,
48.4,-70.533,-20.1,-4.5,-36,15
50.217,-66.25,,,,32.9
50.217,-66.25,-17.9,-4.4,-35.8,27.3
51.867,-63.284,-24.3,-8,-40.5,0
49.317,-67.381,-16.2,-4.1,-28.8,38
50.283,-64.783,-15.2,-3,-30.5,67.8
50.163,-66.434,-16.1,-3.9,-28.1,
49.259,-68.146,-17.3,-4.3,-30.1,25.3
48.472,-67.435,-18.6,-5.1,-35.3,27.3
48.419,-64.317,-13.5,-2.8,-23.5,171.7
48.85,-64.2,-16.3,-2,-30,96
49.251,-65.325,-15.2,-4.3,-26.7,54
48.367,-67.233,-18.4,-4,-36.5,23.4
48.775,-64.48,-16.1,-3,-31.6,84.6
49.085,-61.701,-13.3,-1,-27.1,32.7
47.425,-61.778,-11.2,1.7,-21.2,
48.283,-67.567,-18.4,-5.5,-39,40.6
47.425,-61.775,-11,1,-21.1,98.3
47.356,-70.032,-16.8,-5,-29.6,15.9
48.609,-68.208,-16.7,-5.6,-29.2,37.8
48.012,-65.332,-15,-3.8,-28.3,70
48.514,-68.468,-16.4,-5.5,-31.6,34
49.839,-64.293,-16.3,-3.3,-31.1,56.1
48.45,-68.517,-15.8,-4.5,-28,47
47.806,-69.549,-17.1,-5.7,-29.8,21.6
47.8,-69.45,,,,38.4
46.483,-70.217,-17.6,-5,-29,20.6
48.883,-67.117,-18,-7.5,-32,26.5
46.733,-70.017,-18.8,-4,-37,42.3
46.867,-70.883,-17.6,-4,-29,21.3
48.416,-68.893,-14.5,-4.1,-26.3,
49.109,-66.654,-16.5,-6.6,-29.2,50.3
48.333,-71,-20.8,-4.2,-36.6,16.6
50.729,-71.013,-26.6,-10.3,-44.9,3.5
49.279,-73.356,-26.2,-5.7,-45,
49.84,-71.168,-23.2,-7.2,-38.2,
48.425,-71.143,-20.7,-4.6,-36.4,18
48.217,-72.167,-20.8,-5.5,-41,22
48.417,-71.75,-22.1,-6,-36,13
48.307,-71.129,-21.3,-4.1,-38.2,
48.598,-71.716,-23.1,-5.8,-39.4,
48.842,-72.547,-23.8,-4.8,-39.3,58.2
48.894,-71.032,-23.7,-6.9,-43.5,12.9
48.767,-72.033,-22.6,-6,-43,9.5
48.52,-72.266,-21.9,-4.7,-38,13.8
48.567,-71.333,-22.1,-5,-43.5,20.6
48.617,-72.417,-21.4,-3,-38,16
51.533,-71.111,-29.4,-10.6,-49.6,
50.656,-70.532,-27.1,-10.1,-43.7,6.5
48.298,-70.92,-22.2,-5,-39.7,
47.1,-72.933,-19.9,-3,-38,26.6
47.922,-74.624,-23.1,-5.6,-39.5,16.9
46.683,-73.917,-20.1,-4,-37,25
46.816,-74.094,-20.5,-5.5,-36.6,14.9
47.411,-72.788,-21.9,-3.7,-38.3,19
46.71,-79.101,-17.7,-4.1,-30,28.9
48.417,-78.733,,-5.5,-27.5,34
48.246,-79.034,-21.8,-4.6,-34.1,24.6
49.823,-74.975,-24.8,-6.5,-41.1,
49.767,-74.533,-25.5,-10.5,-42.4,11.6
53.755,-73.675,-29.2,-13.2,-45.5,1
53.625,-77.704,-28.4,-11.6,-42.1,10.4
53.757,-73.679,,,,7.7
53.757,-73.679,-29.2,-13.3,-45.7,19.6
49.762,-77.803,-24.7,-5.7,-39.2,3.4
49.758,-77.793,-24.6,-5.9,-38.3,8.4
48.056,-77.787,,,,16
48.056,-77.786,-22.2,-5,-36.5,9.6
48.053,-77.783,-21.9,-4.9,-36.1,1.6
48.8,-78.283,-24,-5.5,-44,3.9
58.472,-78.077,-31.4,-17.6,-41.7,2.6
58.472,-78.077,-31.6,-17.8,-42,1.3
58.089,-68.422,-30.1,-17.5,-41.9,5.6
61.313,-73.668,-36.1,-26.7,-44.5,0.2
57.909,-72.976,-34.3,-22.1,-48.9,1.4
62.179,-75.67,-31.2,-23.3,-37.3,2
54.805,-66.805,-28.6,-15,-43.5,7.2
54.8,-66.8,-28.8,-13.7,-43.3,6.3
46.712,-67.716,-17.9,-1,-34,67
47.802,-64.833,-15.7,-2.8,-30.8,105.7
47.8,-64.867,,,,165
47.63,-65.739,-16.9,-2.5,-35.1,77.4
46.43,-64.768,-14.6,0.5,-28.9,70.3
47.99,-66.334,-16.6,-2.8,-31.6,31.9
47.009,-65.465,-15.4,-0.9,-30.5,75.3
46.585,-66.01,-16.1,-1.3,-31.7,76.3
47.417,-68.324,-19,-2.1,-35.7,18.2
45.869,-66.537,-14.7,0.5,-28.8,0
45.92,-66.609,-14.8,0.4,-27.2,58.8
45.6,-64.95,-11.6,1.4,-23.9,146.5
45.833,-66.433,-14.5,-12.6,-16.3,0
45.839,-66.45,-12.9,-3.5,-20.3,0
44.712,-66.802,-10.5,2.8,-26.3,87.8
46.55,-67.167,-17,-1.6,-34.1,29
46.77,-65.007,,,,26.1
45.954,-66.899,-13.9,0,-29,78.3
45.694,-65.165,-14.4,-0.4,-27.5,132.9
48.009,-64.494,-12.8,-2.6,-22.6,51.5
46.112,-64.679,-13.6,0.6,-25.3,149.7
45.507,-66.099,-12.8,1.5,-29,138.2
45.073,-66.449,-10.3,4.2,-21.9,56
47.439,-65.598,-16.7,-1.2,-35.2,105.2
45.316,-65.89,-13.8,2,-28.5,184.4
45.21,-67.253,-14.3,0.6,-30.9,70.6
47.456,-66.415,-17.6,-7,-32,75
46.17,-67.554,-15.4,-2,-30,78.6
46.152,-67.543,-15.9,-1.5,-31.4,52.4
47.158,-67.832,-17.3,-2.8,-31.2,
43.451,-65.472,-5.6,7.9,-17.8,115.9
44.817,-62.333,-6.4,7.4,-20.5,
44.286,-66.347,-6.3,4.4,-17.1,44.3
45.767,-62.683,-10.4,5.2,-22.9,164.8
46.645,-60.947,-9.5,9.4,-21.8,163.9
46.633,-60.95,,,,110
45.491,-62.015,-11.4,6.2,-29.7,82.8
45.417,-63.467,-12.5,2.5,-29.4,100
45.921,-60.647,-8.1,9.2,-21.7,162.7
44.983,-64.917,-10.3,2.9,-21.7,125.1
44.881,-63.509,-10,5.5,-21.7,161.3
45.35,-60.983,-6.1,8.8,-20.1,
46.663,-60.406,-8.9,9.4,-23.2,188.2
44.403,-65.203,-10.1,4.5,-22.3,152.9
45.067,-64.483,-10.1,5.1,-20.7,133.8
44.717,-63.483,-8.7,6,-22,161.4
45.658,-62.797,-10.8,5,-24,89.5
45.76,-64.241,-12.9,1.8,-27.2,127
46.817,-60.672,,,,31.9
45.233,-63.055,-11.2,5.8,-29.8,117.7
45.413,-64.347,-11.9,2.6,-26.8,99
44.767,-63.833,-9.9,4.5,-25,133.1
45.657,-61.368,-9.8,6.4,-24.3,47.8
43.932,-60.009,-1.2,10.9,-12.7,159.5
43.946,-59.96,-1.2,8.8,-11.8,49.8
44.7,-63.9,-7.5,5,-21,120.5
47.233,-60.144,-7.6,4.7,-20.8,
44.63,-63.513,-7.8,5.8,-20.2,161.4
46.161,-60.048,-8.3,8.5,-21.5,173.2
46.163,-60.042,-8.1,8.4,-21,122.9
45.683,-63.233,-12.4,5.5,-28.5,155.4
45.608,-61.68,-9.3,9.7,-22.7,151.6
45.05,-64.65,-9.4,5,-23,156
43.99,-64.664,-7.5,4,-19.6,154.9
43.831,-66.088,-7.3,4.7,-16.9,116
43.827,-66.088,-7.4,4.8,-17,149.9
46.815,-64.061,,,,39
46.067,-62.6,-10.7,3.5,-22,208
46.289,-63.119,-12.6,2.8,-25.3,159.2
46.46,-61.988,-10.5,3.8,-22.3,71.4
46.25,-63.333,-11.4,2.5,-23,169.2
46.25,-63.333,,,,166.4
46.407,-62.082,,,,98.7
46.433,-62.717,,,,189.6
46.409,-63.35,-13.8,-1.5,-28.5,141
47.058,-63.999,-12.8,0,-22.5,58
46.45,-62.576,-11.7,3.1,-23.1,114.6
46.441,-63.838,-13.6,1.4,-28,57.8
46.387,-63.599,,,,111
46.344,-63.17,-12.8,2.4,-23.7,98.7
47.294,-53.993,-3.2,8.5,-12.2,111
48.967,-56.067,-11,8,-29.4,119.5
47.983,-55.8,-4.8,7,-12,32
48.667,-53.114,-5.1,5.6,-13.7,106.2
46.883,-53.968,-3.4,8,-16,130.6
48.034,-53.119,-3.6,8,-12.5,175.8
47.617,-57.617,-6.7,6.7,-18.5,238.9
48.167,-57.333,-7,5,-16,42
46.66,-53.076,-3.3,7.9,-15.7,54.8
49.317,-57.4,-11.6,4.5,-31.5,102
49.322,-57.393,-11.7,4.3,-29.7,131.3
48.933,-57.917,-10.2,8,-24.2,143.4
48.95,-57.95,-8.9,8.5,-26,212.9
49.912,-57.789,-8.6,8,-29,248
50.236,-57.581,-10.3,6.5,-28.1,90
49.167,-57.433,-9.9,11.5,-30,14.4
49.209,-57.394,-12.1,6.6,-34.7,188.8
50.721,-56.113,-11.3,3.3,-24.8,177.5
51.017,-57.1,-12.1,1.3,-24.3,42
48.937,-54.568,-8.2,7.5,-19.6,120.2
48.946,-54.567,-8.3,7.4,-19.7,74.3
47.467,-55.833,-5.4,7,-17,131
49.917,-55.667,-10.3,5.1,-22.9,402.1
48.35,-53.902,-5.2,9,-23,151
49.683,-56.083,-11.2,2,-26.5,101.8
48.817,-56.544,-10.7,7.6,-27.4,249.3
51.067,-56.883,-12.5,3.5,-29,129.2
49.333,-55.4,-8.2,8.5,-22,80
47.574,-59.155,-7.4,5.9,-17.7,100.5
49.57,-57.878,,,,90.5
47.368,-55.795,-5.3,7.5,-14.9,
51.392,-56.069,-12.5,2.6,-24.4,6.7
51.383,-56.1,-15.1,2.8,-28.5,84.9
47.619,-52.753,-4.7,7.7,-13.4,114.3
47.513,-52.783,-4.5,7.4,-14.5,113.2
46.917,-55.383,-4.6,7.6,-16.6,87.1
49.767,-56.883,-9.5,4.5,-28,70
48.541,-58.55,-8.6,7.6,-25.2,171
48.561,-58.566,-9,8.1,-25.3,115.7
48.557,-53.974,-7.3,7.7,-20.5,111.5
49.683,-54.8,-8,7.5,-17.9,139.3
47.136,-55.328,-5,5,-15,50.5
47.712,-59.308,-7.2,8.7,-20,144.6
48.172,-52.939,-4,7.5,-11.6,
49.112,-53.581,-7.2,5.1,-18.4,
47.328,-54.585,-4.3,6.1,-15.2,
59.985,-64.165,-27.7,-15.8,-35.5,
57.136,-61.476,-24.9,-12.1,-35.2,
53.708,-57.035,-19.2,2,-29.9,122.6
53.562,-64.106,-26.6,-11.3,-42.2,14.3
53.317,-60.417,-22,-4.2,-36.3,90.2
55.45,-60.217,-21.9,-2.8,-33.3,286.9
52.303,-55.848,-16.8,2.5,-31,9
56.55,-61.683,-22.7,-6.5,-33.4,35.6
56.55,-61.683,-22.6,-6.8,-33.5,46.6
56.551,-61.682,-19.2,-7.5,,25.2
58.333,-62.586,-24.4,-13.5,-32.3,
54.716,-58.358,-22.8,-5.8,-32.5,
52.923,-66.865,-27.7,-13.6,-46.8,5.1
